Workbook

Sheet Aceite
A1: Terminacion | B1: Pozo | C1: Yacimiento | D1: ID | E1: Fecha Muestreo | F1: Fecha Análisis | G1: Densidad | H1: API | I1: Salinidad | J1: pH
A2: {=IFERROR(_xlfn.XLOOKUP(1,(Hoja1!$B$5:$B$1097=B2)*(Hoja1!$E$5:$E$1097=_xlfn.MAXIFS(Hoja1!$E$5:$E$1097,Hoja1!$B$5:$B$1097,B2,Hoja1!$E$5:$E$1097,"<="&E2)),Hoja1!$C$5:$C$1097,""),"")} | B2: =IF(LEFT(D2,1)="T","T-","C-")&TRIM(RIGHT(D2,LEN(D2)-SEARCH("-",D2))) -> C-338 | C2: =IFERROR(MID(A2,FIND("_",A2,FIND("_",A2)+1)+1,LEN(A2)),"") | D2: Constituciones-338 | E2: - | F2: 36630
A3: {=IFERROR(_xlfn.XLOOKUP(1,(Hoja1!$B$5:$B$1097=B3)*(Hoja1!$E$5:$E$1097=_xlfn.MAXIFS(Hoja1!$E$5:$E$1097,Hoja1!$B$5:$B$1097,B3,Hoja1!$E$5:$E$1097,"<="&E3)),Hoja1!$C$5:$C$1097,""),"")} -> TMLP_117D_KTS | B3: =IF(LEFT(D3,1)="T","T-","C-")&TRIM(RIGHT(D3,LEN(D3)-SEARCH("-",D3))) -> T-117D | C3: =IFERROR(MID(A3,FIND("_",A3,FIND("_",A3)+1)+1,LEN(A3)),"") -> KTS | D3: Tamaulipas-117D | E3: 38384 | F3: 38390 | G3: 0.951 | H3: 17.29 | I3: 24778.157 | J3: 8
A4: {=IFERROR(_xlfn.XLOOKUP(1,(Hoja1!$B$5:$B$1097=B4)*(Hoja1!$E$5:$E$1097=_xlfn.MAXIFS(Hoja1!$E$5:$E$1097,Hoja1!$B$5:$B$1097,B4,Hoja1!$E$5:$E$1097,"<="&E4)),Hoja1!$C$5:$C$1097,""),"")} -> TMLP_69D_KTIA | B4: =IF(LEFT(D4,1)="T","T-","C-")&TRIM(RIGHT(D4,LEN(D4)-SEARCH("-",D4))) -> T-69D | C4: =IFERROR(MID(A4,FIND("_",A4,FIND("_",A4)+1)+1,LEN(A4)),"") -> KTIA | D4: Tamaulipas-69D | E4: 38384 | F4: 38390 | G4: 0.9654 | H4: 15.07 | I4: 24851.925 | J4: 8
A5: {=IFERROR(_xlfn.XLOOKUP(1,(Hoja1!$B$5:$B$1097=B5)*(Hoja1!$E$5:$E$1097=_xlfn.MAXIFS(Hoja1!$E$5:$E$1097,Hoja1!$B$5:$B$1097,B5,Hoja1!$E$5:$E$1097,"<="&E5)),Hoja1!$C$5:$C$1097,""),"")} -> TMLP_137_KTIA | B5: =IF(LEFT(D5,1)="T","T-","C-")&TRIM(RIGHT(D5,LEN(D5)-SEARCH("-",D5))) -> T-137 | C5: =IFERROR(MID(A5,FIND("_",A5,FIND("_",A5)+1)+1,LEN(A5)),"") -> KTIA | D5: Tamaulipas-137 | E5: 38384 | F5: 38391 | G5: 0.965 | H5: 15.13 | I5: 56344 | J5: 8
A6: {=IFERROR(_xlfn.XLOOKUP(1,(Hoja1!$B$5:$B$1097=B6)*(Hoja1!$E$5:$E$1097=_xlfn.MAXIFS(Hoja1!$E$5:$E$1097,Hoja1!$B$5:$B$1097,B6,Hoja1!$E$5:$E$1097,"<="&E6)),Hoja1!$C$5:$C$1097,""),"")} -> TMLP_140D_KTIA | B6: =IF(LEFT(D6,1)="T","T-","C-")&TRIM(RIGHT(D6,LEN(D6)-SEARCH("-",D6))) -> T-140D | C6: =IFERROR(MID(A6,FIND("_",A6,FIND("_",A6)+1)+1,LEN(A6)),"") -> KTIA | D6: Tamaulipas-140D | E6: 38384 | F6: 38391 | G6: 0.9545 | H6: 16.75 | I6: 41175 | J6: 8
A7: {=IFERROR(_xlfn.XLOOKUP(1,(Hoja1!$B$5:$B$1097=B7)*(Hoja1!$E$5:$E$1097=_xlfn.MAXIFS(Hoja1!$E$5:$E$1097,Hoja1!$B$5:$B$1097,B7,Hoja1!$E$5:$E$1097,"<="&E7)),Hoja1!$C$5:$C$1097,""),"")} | B7: =IF(LEFT(D7,1)="T","T-","C-")&TRIM(RIGHT(D7,LEN(D7)-SEARCH("-",D7))) -> T-140D | C7: =IFERROR(MID(A7,FIND("_",A7,FIND("_",A7)+1)+1,LEN(A7)),"") | D7: Tamaulipas-140D | F7: 38399 | G7: 0.9463 | H7: 18.03
A8: {=IFERROR(_xlfn.XLOOKUP(1,(Hoja1!$B$5:$B$1097=B8)*(Hoja1!$E$5:$E$1097=_xlfn.MAXIFS(Hoja1!$E$5:$E$1097,Hoja1!$B$5:$B$1097,B8,Hoja1!$E$5:$E$1097,"<="&E8)),Hoja1!$C$5:$C$1097,""),"")} | B8: =IF(LEFT(D8,1)="T","T-","C-")&TRIM(RIGHT(D8,LEN(D8)-SEARCH("-",D8))) -> C-163 | C8: =IFERROR(MID(A8,FIND("_",A8,FIND("_",A8)+1)+1,LEN(A8)),"") | D8: Constituciones-163 | F8: 38414 | G8: 0.976 | H8: 13.49 | I8: 26313 | J8: 8
A9: {=IFERROR(_xlfn.XLOOKUP(1,(Hoja1!$B$5:$B$1097=B9)*(Hoja1!$E$5:$E$1097=_xlfn.MAXIFS(Hoja1!$E$5:$E$1097,Hoja1!$B$5:$B$1097,B9,Hoja1!$E$5:$E$1097,"<="&E9)),Hoja1!$C$5:$C$1097,""),"")} | B9: =IF(LEFT(D9,1)="T","T-","C-")&TRIM(RIGHT(D9,LEN(D9)-SEARCH("-",D9))) -> T-734 | C9: =IFERROR(MID(A9,FIND("_",A9,FIND("_",A9)+1)+1,LEN(A9)),"") | D9: Tamaulipas-734 | F9: 38566 | G9: 0.9634 | H9: 15.38 | I9: 104871 | J9: 6
A10: {=IFERROR(_xlfn.XLOOKUP(1,(Hoja1!$B$5:$B$1097=B10)*(Hoja1!$E$5:$E$1097=_xlfn.MAXIFS(Hoja1!$E$5:$E$1097,Hoja1!$B$5:$B$1097,B10,Hoja1!$E$5:$E$1097,"<="&E10)),Hoja1!$C$5:$C$1097,""),"")} -> CONST_232D_KTS | B10: =IF(LEFT(D10,1)="T","T-","C-")&TRIM(RIGHT(D10,LEN(D10)-SEARCH("-",D10))) -> C-232D | C10: =IFERROR(MID(A10,FIND("_",A10,FIND("_",A10)+1)+1,LEN(A10)),"") -> KTS | D10: Constituciones-232D | E10: 38588 | F10: 38589 | G10: 0.9473 | H10: 17.87 | I10: 12898 | J10: 7.5
A11: {=IFERROR(_xlfn.XLOOKUP(1,(Hoja1!$B$5:$B$1097=B11)*(Hoja1!$E$5:$E$1097=_xlfn.MAXIFS(Hoja1!$E$5:$E$1097,Hoja1!$B$5:$B$1097,B11,Hoja1!$E$5:$E$1097,"<="&E11)),Hoja1!$C$5:$C$1097,""),"")} -> CONST_221_JSA | B11: =IF(LEFT(D11,1)="T","T-","C-")&TRIM(RIGHT(D11,LEN(D11)-SEARCH("-",D11))) -> C-221 | C11: =IFERROR(MID(A11,FIND("_",A11,FIND("_",A11)+1)+1,LEN(A11)),"") -> JSA | D11: Constituciones-221 | E11: 38588 | F11: 38592 | I11: 11063 | J11: 7
A12: {=IFERROR(_xlfn.XLOOKUP(1,(Hoja1!$B$5:$B$1097=B12)*(Hoja1!$E$5:$E$1097=_xlfn.MAXIFS(Hoja1!$E$5:$E$1097,Hoja1!$B$5:$B$1097,B12,Hoja1!$E$5:$E$1097,"<="&E12)),Hoja1!$C$5:$C$1097,""),"")} -> CONST_556_JSA | B12: =IF(LEFT(D12,1)="T","T-","C-")&TRIM(RIGHT(D12,LEN(D12)-SEARCH("-",D12))) -> C-556 | C12: =IFERROR(MID(A12,FIND("_",A12,FIND("_",A12)+1)+1,LEN(A12)),"") -> JSA | D12: Constituciones-556 | E12: 38588 | F12: 38594 | G12: 0.9685 | H12: 14.62 | I12: 24989 | J12: 8
A13: {=IFERROR(_xlfn.XLOOKUP(1,(Hoja1!$B$5:$B$1097=B13)*(Hoja1!$E$5:$E$1097=_xlfn.MAXIFS(Hoja1!$E$5:$E$1097,Hoja1!$B$5:$B$1097,B13,Hoja1!$E$5:$E$1097,"<="&E13)),Hoja1!$C$5:$C$1097,""),"")} -> CONST_202D_KTIA | B13: =IF(LEFT(D13,1)="T","T-","C-")&TRIM(RIGHT(D13,LEN(D13)-SEARCH("-",D13))) -> C-202D | C13: =IFERROR(MID(A13,FIND("_",A13,FIND("_",A13)+1)+1,LEN(A13)),"") -> KTIA | D13: Constituciones-202D | E13: 38588 | F13: 38594 | G13: 0.9513 | H13: 17.26 | I13: 35747 | J13: 7.5
A14: {=IFERROR(_xlfn.XLOOKUP(1,(Hoja1!$B$5:$B$1097=B14)*(Hoja1!$E$5:$E$1097=_xlfn.MAXIFS(Hoja1!$E$5:$E$1097,Hoja1!$B$5:$B$1097,B14,Hoja1!$E$5:$E$1097,"<="&E14)),Hoja1!$C$5:$C$1097,""),"")} -> CONST_232T_KTIA | B14: =IF(LEFT(D14,1)="T","T-","C-")&TRIM(RIGHT(D14,LEN(D14)-SEARCH("-",D14))) -> C-232T | C14: =IFERROR(MID(A14,FIND("_",A14,FIND("_",A14)+1)+1,LEN(A14)),"") -> KTIA | D14: Constituciones-232T | E14: 38588 | F14: 38594 | G14: 0.9473 | H14: 17.87 | I14: 25103 | J14: 7.5
A15: {=IFERROR(_xlfn.XLOOKUP(1,(Hoja1!$B$5:$B$1097=B15)*(Hoja1!$E$5:$E$1097=_xlfn.MAXIFS(Hoja1!$E$5:$E$1097,Hoja1!$B$5:$B$1097,B15,Hoja1!$E$5:$E$1097,"<="&E15)),Hoja1!$C$5:$C$1097,""),"")} -> CONST_572_KTIA | B15: =IF(LEFT(D15,1)="T","T-","C-")&TRIM(RIGHT(D15,LEN(D15)-SEARCH("-",D15))) -> C-572 | C15: =IFERROR(MID(A15,FIND("_",A15,FIND("_",A15)+1)+1,LEN(A15)),"") -> KTIA | D15: Constituciones-572 | E15: 38588 | F15: 38594 | G15: 0.9764 | H15: 13.42 | I15: 27641 | J15: 7.5
A16: {=IFERROR(_xlfn.XLOOKUP(1,(Hoja1!$B$5:$B$1097=B16)*(Hoja1!$E$5:$E$1097=_xlfn.MAXIFS(Hoja1!$E$5:$E$1097,Hoja1!$B$5:$B$1097,B16,Hoja1!$E$5:$E$1097,"<="&E16)),Hoja1!$C$5:$C$1097,""),"")} -> CONST_574_JSA | B16: =IF(LEFT(D16,1)="T","T-","C-")&TRIM(RIGHT(D16,LEN(D16)-SEARCH("-",D16))) -> C-574 | C16: =IFERROR(MID(A16,FIND("_",A16,FIND("_",A16)+1)+1,LEN(A16)),"") -> JSA | D16: Constituciones-574 | E16: 38588 | F16: 38594 | G16: 0.9729 | H16: 13.94 | I16: 28736 | J16: 7.5
A17: {=IFERROR(_xlfn.XLOOKUP(1,(Hoja1!$B$5:$B$1097=B17)*(Hoja1!$E$5:$E$1097=_xlfn.MAXIFS(Hoja1!$E$5:$E$1097,Hoja1!$B$5:$B$1097,B17,Hoja1!$E$5:$E$1097,"<="&E17)),Hoja1!$C$5:$C$1097,""),"")} -> CONST_119_JSA | B17: =IF(LEFT(D17,1)="T","T-","C-")&TRIM(RIGHT(D17,LEN(D17)-SEARCH("-",D17))) -> C-119 | C17: =IFERROR(MID(A17,FIND("_",A17,FIND("_",A17)+1)+1,LEN(A17)),"") -> JSA | D17: Constituciones-119 | E17: 38608 | F17: 38611 | I17: 8475 | J17: 8
A18: {=IFERROR(_xlfn.XLOOKUP(1,(Hoja1!$B$5:$B$1097=B18)*(Hoja1!$E$5:$E$1097=_xlfn.MAXIFS(Hoja1!$E$5:$E$1097,Hoja1!$B$5:$B$1097,B18,Hoja1!$E$5:$E$1097,"<="&E18)),Hoja1!$C$5:$C$1097,""),"")} -> CONST_205_JSA | B18: =IF(LEFT(D18,1)="T","T-","C-")&TRIM(RIGHT(D18,LEN(D18)-SEARCH("-",D18))) -> C-205 | C18: =IFERROR(MID(A18,FIND("_",A18,FIND("_",A18)+1)+1,LEN(A18)),"") -> JSA | D18: Constituciones-205 | E18: 38608 | F18: 38611 | I18: 7098 | J18: 5
A19: {=IFERROR(_xlfn.XLOOKUP(1,(Hoja1!$B$5:$B$1097=B19)*(Hoja1!$E$5:$E$1097=_xlfn.MAXIFS(Hoja1!$E$5:$E$1097,Hoja1!$B$5:$B$1097,B19,Hoja1!$E$5:$E$1097,"<="&E19)),Hoja1!$C$5:$C$1097,""),"")} -> CONST_206_JSA | B19: =IF(LEFT(D19,1)="T","T-","C-")&TRIM(RIGHT(D19,LEN(D19)-SEARCH("-",D19))) -> C-206 | C19: =IFERROR(MID(A19,FIND("_",A19,FIND("_",A19)+1)+1,LEN(A19)),"") -> JSA | D19: Constituciones-206 | E19: 38608 | F19: 38611 | I19: 9887 | J19: 7
A20: {=IFERROR(_xlfn.XLOOKUP(1,(Hoja1!$B$5:$B$1097=B20)*(Hoja1!$E$5:$E$1097=_xlfn.MAXIFS(Hoja1!$E$5:$E$1097,Hoja1!$B$5:$B$1097,B20,Hoja1!$E$5:$E$1097,"<="&E20)),Hoja1!$C$5:$C$1097,""),"")} -> CONST_211_JSA | B20: =IF(LEFT(D20,1)="T","T-","C-")&TRIM(RIGHT(D20,LEN(D20)-SEARCH("-",D20))) -> C-211 | C20: =IFERROR(MID(A20,FIND("_",A20,FIND("_",A20)+1)+1,LEN(A20)),"") -> JSA | D20: Constituciones-211 | E20: 38608 | F20: 38611 | I20: 10170 | J20: 6.5
A21: {=IFERROR(_xlfn.XLOOKUP(1,(Hoja1!$B$5:$B$1097=B21)*(Hoja1!$E$5:$E$1097=_xlfn.MAXIFS(Hoja1!$E$5:$E$1097,Hoja1!$B$5:$B$1097,B21,Hoja1!$E$5:$E$1097,"<="&E21)),Hoja1!$C$5:$C$1097,""),"")} -> CONST_223_JSA | B21: =IF(LEFT(D21,1)="T","T-","C-")&TRIM(RIGHT(D21,LEN(D21)-SEARCH("-",D21))) -> C-223 | C21: =IFERROR(MID(A21,FIND("_",A21,FIND("_",A21)+1)+1,LEN(A21)),"") -> JSA | D21: Constituciones-223 | E21: 38609 | F21: 38613 | I21: 34515 | J21: 7.5
A22: {=IFERROR(_xlfn.XLOOKUP(1,(Hoja1!$B$5:$B$1097=B22)*(Hoja1!$E$5:$E$1097=_xlfn.MAXIFS(Hoja1!$E$5:$E$1097,Hoja1!$B$5:$B$1097,B22,Hoja1!$E$5:$E$1097,"<="&E22)),Hoja1!$C$5:$C$1097,""),"")} -> CONST_512_JSA | B22: =IF(LEFT(D22,1)="T","T-","C-")&TRIM(RIGHT(D22,LEN(D22)-SEARCH("-",D22))) -> C-512 | C22: =IFERROR(MID(A22,FIND("_",A22,FIND("_",A22)+1)+1,LEN(A22)),"") -> JSA | D22: Constituciones-512 | E22: 38609 | F22: 38613 | I22: 24615 | J22: 8
A23: {=IFERROR(_xlfn.XLOOKUP(1,(Hoja1!$B$5:$B$1097=B23)*(Hoja1!$E$5:$E$1097=_xlfn.MAXIFS(Hoja1!$E$5:$E$1097,Hoja1!$B$5:$B$1097,B23,Hoja1!$E$5:$E$1097,"<="&E23)),Hoja1!$C$5:$C$1097,""),"")} -> CONST_527_JSA | B23: =IF(LEFT(D23,1)="T","T-","C-")&TRIM(RIGHT(D23,LEN(D23)-SEARCH("-",D23))) -> C-527 | C23: =IFERROR(MID(A23,FIND("_",A23,FIND("_",A23)+1)+1,LEN(A23)),"") -> JSA | D23: Constituciones-527 | E23: 38609 | F23: 38613 | I23: 58704 | J23: 8
A24: {=IFERROR(_xlfn.XLOOKUP(1,(Hoja1!$B$5:$B$1097=B24)*(Hoja1!$E$5:$E$1097=_xlfn.MAXIFS(Hoja1!$E$5:$E$1097,Hoja1!$B$5:$B$1097,B24,Hoja1!$E$5:$E$1097,"<="&E24)),Hoja1!$C$5:$C$1097,""),"")} -> CONST_557_JSA | B24: =IF(LEFT(D24,1)="T","T-","C-")&TRIM(RIGHT(D24,LEN(D24)-SEARCH("-",D24))) -> C-557 | C24: =IFERROR(MID(A24,FIND("_",A24,FIND("_",A24)+1)+1,LEN(A24)),"") -> JSA | D24: Constituciones-557 | E24: 38617 | F24: 38620 | I24: 13713 | J24: 8
A25: {=IFERROR(_xlfn.XLOOKUP(1,(Hoja1!$B$5:$B$1097=B25)*(Hoja1!$E$5:$E$1097=_xlfn.MAXIFS(Hoja1!$E$5:$E$1097,Hoja1!$B$5:$B$1097,B25,Hoja1!$E$5:$E$1097,"<="&E25)),Hoja1!$C$5:$C$1097,""),"")} -> CONST_209D_KTIA | B25: =IF(LEFT(D25,1)="T","T-","C-")&TRIM(RIGHT(D25,LEN(D25)-SEARCH("-",D25))) -> C-209D | C25: =IFERROR(MID(A25,FIND("_",A25,FIND("_",A25)+1)+1,LEN(A25)),"") -> KTIA | D25: Constituciones-209D | E25: 38617 | F25: 38620 | I25: 36218 | J25: 9
A26: {=IFERROR(_xlfn.XLOOKUP(1,(Hoja1!$B$5:$B$1097=B26)*(Hoja1!$E$5:$E$1097=_xlfn.MAXIFS(Hoja1!$E$5:$E$1097,Hoja1!$B$5:$B$1097,B26,Hoja1!$E$5:$E$1097,"<="&E26)),Hoja1!$C$5:$C$1097,""),"")} | B26: =IF(LEFT(D26,1)="T","T-","C-")&TRIM(RIGHT(D26,LEN(D26)-SEARCH("-",D26))) -> C-195T | C26: =IFERROR(MID(A26,FIND("_",A26,FIND("_",A26)+1)+1,LEN(A26)),"") | D26: Constituciones-195T | E26: 38621 | F26: 38623 | I26: 9127 | J26: 6
A27: {=IFERROR(_xlfn.XLOOKUP(1,(Hoja1!$B$5:$B$1097=B27)*(Hoja1!$E$5:$E$1097=_xlfn.MAXIFS(Hoja1!$E$5:$E$1097,Hoja1!$B$5:$B$1097,B27,Hoja1!$E$5:$E$1097,"<="&E27)),Hoja1!$C$5:$C$1097,""),"")} | B27: =IF(LEFT(D27,1)="T","T-","C-")&TRIM(RIGHT(D27,LEN(D27)-SEARCH("-",D27))) -> C-195T | C27: =IFERROR(MID(A27,FIND("_",A27,FIND("_",A27)+1)+1,LEN(A27)),"") | D27: Constituciones-195T | E27: 38621 | F27: 38623 | I27: 15861 | J27: 6
A28: {=IFERROR(_xlfn.XLOOKUP(1,(Hoja1!$B$5:$B$1097=B28)*(Hoja1!$E$5:$E$1097=_xlfn.MAXIFS(Hoja1!$E$5:$E$1097,Hoja1!$B$5:$B$1097,B28,Hoja1!$E$5:$E$1097,"<="&E28)),Hoja1!$C$5:$C$1097,""),"")} -> CONST_199_JSA | B28: =IF(LEFT(D28,1)="T","T-","C-")&TRIM(RIGHT(D28,LEN(D28)-SEARCH("-",D28))) -> C-199 | C28: =IFERROR(MID(A28,FIND("_",A28,FIND("_",A28)+1)+1,LEN(A28)),"") -> JSA | D28: Constituciones-199 | E28: 38621 | F28: 38623 | I28: 40786 | J28: 6
... A34: {=IFERROR(_xlfn.XLOOKUP(1,(Hoja1!$B$5:$B$1097=B34)*(Hoja1!$E$5:$E$1097=_xlfn.MAXIFS(Hoja1!$E$5:$E$1097,Hoja1!$B$5:$B$1097,B34,Hoja1!$E$5:$E$1097,"<="&E34)),Hoja1!$C$5:$C$1097,""),"")} -> CONST_202_JSA | B34: =IF(LEFT(D34,1)="T","T-","C-")&TRIM(RIGHT(D34,LEN(D34)-SEARCH("-",D34))) -> C-202 | C34: =IFERROR(MID(A34,FIND("_",A34,FIND("_",A34)+1)+1,LEN(A34)),"") -> JSA | D34: Constituciones-202 | E34: 38630 | F34: 38635 | I34: 24242 | J34: 9
A35: {=IFERROR(_xlfn.XLOOKUP(1,(Hoja1!$B$5:$B$1097=B35)*(Hoja1!$E$5:$E$1097=_xlfn.MAXIFS(Hoja1!$E$5:$E$1097,Hoja1!$B$5:$B$1097,B35,Hoja1!$E$5:$E$1097,"<="&E35)),Hoja1!$C$5:$C$1097,""),"")} -> CONST_175D_KTIA | B35: =IF(LEFT(D35,1)="T","T-","C-")&TRIM(RIGHT(D35,LEN(D35)-SEARCH("-",D35))) -> C-175D | C35: =IFERROR(MID(A35,FIND("_",A35,FIND("_",A35)+1)+1,LEN(A35)),"") -> KTIA | D35: Constituciones-175D | E35: 38736 | F35: 38740 | G35: 0.9597 | H35: 15.96 | I35: 19858 | J35: 9
A36: {=IFERROR(_xlfn.XLOOKUP(1,(Hoja1!$B$5:$B$1097=B36)*(Hoja1!$E$5:$E$1097=_xlfn.MAXIFS(Hoja1!$E$5:$E$1097,Hoja1!$B$5:$B$1097,B36,Hoja1!$E$5:$E$1097,"<="&E36)),Hoja1!$C$5:$C$1097,""),"")} -> TMLP_27_JSA | B36: =IF(LEFT(D36,1)="T","T-","C-")&TRIM(RIGHT(D36,LEN(D36)-SEARCH("-",D36))) -> T-27 | C36: =IFERROR(MID(A36,FIND("_",A36,FIND("_",A36)+1)+1,LEN(A36)),"") -> JSA | D36: Tamaulipas -27 | E36: 38735 | F36: 38740 | G36: 0.9497 | H36: 17.49
A37: {=IFERROR(_xlfn.XLOOKUP(1,(Hoja1!$B$5:$B$1097=B37)*(Hoja1!$E$5:$E$1097=_xlfn.MAXIFS(Hoja1!$E$5:$E$1097,Hoja1!$B$5:$B$1097,B37,Hoja1!$E$5:$E$1097,"<="&E37)),Hoja1!$C$5:$C$1097,""),"")} -> TMLP_27_JSA | B37: =IF(LEFT(D37,1)="T","T-","C-")&TRIM(RIGHT(D37,LEN(D37)-SEARCH("-",D37))) -> T-27 | C37: =IFERROR(MID(A37,FIND("_",A37,FIND("_",A37)+1)+1,LEN(A37)),"") -> JSA | D37: Tamaulipas -27 | E37: 38761 | F37: 38783 | G37: 0.9648 | H37: 15.16
A38: {=IFERROR(_xlfn.XLOOKUP(1,(Hoja1!$B$5:$B$1097=B38)*(Hoja1!$E$5:$E$1097=_xlfn.MAXIFS(Hoja1!$E$5:$E$1097,Hoja1!$B$5:$B$1097,B38,Hoja1!$E$5:$E$1097,"<="&E38)),Hoja1!$C$5:$C$1097,""),"")} -> CONST_134D_KTIA | B38: =IF(LEFT(D38,1)="T","T-","C-")&TRIM(RIGHT(D38,LEN(D38)-SEARCH("-",D38))) -> C-134D | C38: =IFERROR(MID(A38,FIND("_",A38,FIND("_",A38)+1)+1,LEN(A38)),"") -> KTIA | D38: Constituciones-134D | E38: 38893 | F38: 38896 | G38: 0.9909 | H38: 11.31 | J38: 6.5
A39: {=IFERROR(_xlfn.XLOOKUP(1,(Hoja1!$B$5:$B$1097=B39)*(Hoja1!$E$5:$E$1097=_xlfn.MAXIFS(Hoja1!$E$5:$E$1097,Hoja1!$B$5:$B$1097,B39,Hoja1!$E$5:$E$1097,"<="&E39)),Hoja1!$C$5:$C$1097,""),"")} -> CONST_134D_KTIA | B39: =IF(LEFT(D39,1)="T","T-","C-")&TRIM(RIGHT(D39,LEN(D39)-SEARCH("-",D39))) -> C-134D | C39: =IFERROR(MID(A39,FIND("_",A39,FIND("_",A39)+1)+1,LEN(A39)),"") -> KTIA | D39: Constituciones-134D | E39: 38896 | F39: 38897 | I39: 134662 | J39: 6.5
A40: {=IFERROR(_xlfn.XLOOKUP(1,(Hoja1!$B$5:$B$1097=B40)*(Hoja1!$E$5:$E$1097=_xlfn.MAXIFS(Hoja1!$E$5:$E$1097,Hoja1!$B$5:$B$1097,B40,Hoja1!$E$5:$E$1097,"<="&E40)),Hoja1!$C$5:$C$1097,""),"")} | B40: =IF(LEFT(D40,1)="T","T-","C-")&TRIM(RIGHT(D40,LEN(D40)-SEARCH("-",D40))) -> C-138 | C40: =IFERROR(MID(A40,FIND("_",A40,FIND("_",A40)+1)+1,LEN(A40)),"") | D40: Constituciones-138 | F40: 38929 | G40: 0.9111 | H40: 23.81 | I40: 25863.196 | J40: 9
A41: {=IFERROR(_xlfn.XLOOKUP(1,(Hoja1!$B$5:$B$1097=B41)*(Hoja1!$E$5:$E$1097=_xlfn.MAXIFS(Hoja1!$E$5:$E$1097,Hoja1!$B$5:$B$1097,B41,Hoja1!$E$5:$E$1097,"<="&E41)),Hoja1!$C$5:$C$1097,""),"")} -> CONST_134D_KTIA | B41: =IF(LEFT(D41,1)="T","T-","C-")&TRIM(RIGHT(D41,LEN(D41)-SEARCH("-",D41))) -> C-134D | C41: =IFERROR(MID(A41,FIND("_",A41,FIND("_",A41)+1)+1,LEN(A41)),"") -> KTIA | D41: Constituciones-134D | E41: 39147 | F41: 39151 | G41: 0.9659 | H41: 15
A42: {=IFERROR(_xlfn.XLOOKUP(1,(Hoja1!$B$5:$B$1097=B42)*(Hoja1!$E$5:$E$1097=_xlfn.MAXIFS(Hoja1!$E$5:$E$1097,Hoja1!$B$5:$B$1097,B42,Hoja1!$E$5:$E$1097,"<="&E42)),Hoja1!$C$5:$C$1097,""),"")} -> CONST_138_JSA | B42: =IF(LEFT(D42,1)="T","T-","C-")&TRIM(RIGHT(D42,LEN(D42)-SEARCH("-",D42))) -> C-138 | C42: =IFERROR(MID(A42,FIND("_",A42,FIND("_",A42)+1)+1,LEN(A42)),"") -> JSA | D42: Constituciones-138 | E42: 39147 | F42: 39151 | G42: 0.9793 | H42: 12.99 | I42: 30210.661 | J42: 9
A43: {=IFERROR(_xlfn.XLOOKUP(1,(Hoja1!$B$5:$B$1097=B43)*(Hoja1!$E$5:$E$1097=_xlfn.MAXIFS(Hoja1!$E$5:$E$1097,Hoja1!$B$5:$B$1097,B43,Hoja1!$E$5:$E$1097,"<="&E43)),Hoja1!$C$5:$C$1097,""),"")} -> CONST_134D_KTIA | B43: =IF(LEFT(D43,1)="T","T-","C-")&TRIM(RIGHT(D43,LEN(D43)-SEARCH("-",D43))) -> C-134D | C43: =IFERROR(MID(A43,FIND("_",A43,FIND("_",A43)+1)+1,LEN(A43)),"") -> KTIA | D43: Constituciones-134D | E43: 39147 | F43: 39156 | G43: 0.9697 | H43: 14.42
A44: {=IFERROR(_xlfn.XLOOKUP(1,(Hoja1!$B$5:$B$1097=B44)*(Hoja1!$E$5:$E$1097=_xlfn.MAXIFS(Hoja1!$E$5:$E$1097,Hoja1!$B$5:$B$1097,B44,Hoja1!$E$5:$E$1097,"<="&E44)),Hoja1!$C$5:$C$1097,""),"")} -> CONST_135_JSA | B44: =IF(LEFT(D44,1)="T","T-","C-")&TRIM(RIGHT(D44,LEN(D44)-SEARCH("-",D44))) -> C-135 | C44: =IFERROR(MID(A44,FIND("_",A44,FIND("_",A44)+1)+1,LEN(A44)),"") -> JSA | D44: Constituciones-135 | E44: 39147 | F44: 39156 | G44: 0.9813 | H44: 12.7
A45: {=IFERROR(_xlfn.XLOOKUP(1,(Hoja1!$B$5:$B$1097=B45)*(Hoja1!$E$5:$E$1097=_xlfn.MAXIFS(Hoja1!$E$5:$E$1097,Hoja1!$B$5:$B$1097,B45,Hoja1!$E$5:$E$1097,"<="&E45)),Hoja1!$C$5:$C$1097,""),"")} -> CONST_589_JSA | B45: =IF(LEFT(D45,1)="T","T-","C-")&TRIM(RIGHT(D45,LEN(D45)-SEARCH("-",D45))) -> C-589 | C45: =IFERROR(MID(A45,FIND("_",A45,FIND("_",A45)+1)+1,LEN(A45)),"") -> JSA | D45: Constituciones-589 | E45: 39147 | F45: 39156 | G45: 0.9903 | H45: 11.4
A46: {=IFERROR(_xlfn.XLOOKUP(1,(Hoja1!$B$5:$B$1097=B46)*(Hoja1!$E$5:$E$1097=_xlfn.MAXIFS(Hoja1!$E$5:$E$1097,Hoja1!$B$5:$B$1097,B46,Hoja1!$E$5:$E$1097,"<="&E46)),Hoja1!$C$5:$C$1097,""),"")} -> CONST_596_JSA | B46: =IF(LEFT(D46,1)="T","T-","C-")&TRIM(RIGHT(D46,LEN(D46)-SEARCH("-",D46))) -> C-596 | C46: =IFERROR(MID(A46,FIND("_",A46,FIND("_",A46)+1)+1,LEN(A46)),"") -> JSA | D46: Constituciones-596 | E46: 39147 | F46: 39156 | G46: 0.9738 | H46: 13.81
A47: {=IFERROR(_xlfn.XLOOKUP(1,(Hoja1!$B$5:$B$1097=B47)*(Hoja1!$E$5:$E$1097=_xlfn.MAXIFS(Hoja1!$E$5:$E$1097,Hoja1!$B$5:$B$1097,B47,Hoja1!$E$5:$E$1097,"<="&E47)),Hoja1!$C$5:$C$1097,""),"")} -> CONST_138_JSA | B47: =IF(LEFT(D47,1)="T","T-","C-")&TRIM(RIGHT(D47,LEN(D47)-SEARCH("-",D47))) -> C-138 | C47: =IFERROR(MID(A47,FIND("_",A47,FIND("_",A47)+1)+1,LEN(A47)),"") -> JSA | D47: Constituciones-138 | E47: 39147 | F47: 39156 | G47: 0.9905 | H47: 11.37
A48: {=IFERROR(_xlfn.XLOOKUP(1,(Hoja1!$B$5:$B$1097=B48)*(Hoja1!$E$5:$E$1097=_xlfn.MAXIFS(Hoja1!$E$5:$E$1097,Hoja1!$B$5:$B$1097,B48,Hoja1!$E$5:$E$1097,"<="&E48)),Hoja1!$C$5:$C$1097,""),"")} -> CONST_135_JSA | B48: =IF(LEFT(D48,1)="T","T-","C-")&TRIM(RIGHT(D48,LEN(D48)-SEARCH("-",D48))) -> C-135 | C48: =IFERROR(MID(A48,FIND("_",A48,FIND("_",A48)+1)+1,LEN(A48)),"") -> JSA | D48: Constituciones-135 | E48: 39147 | F48: 39159 | G48: 0.9813 | H48: 12.7
A49: {=IFERROR(_xlfn.XLOOKUP(1,(Hoja1!$B$5:$B$1097=B49)*(Hoja1!$E$5:$E$1097=_xlfn.MAXIFS(Hoja1!$E$5:$E$1097,Hoja1!$B$5:$B$1097,B49,Hoja1!$E$5:$E$1097,"<="&E49)),Hoja1!$C$5:$C$1097,""),"")} -> CONST_589_JSA | B49: =IF(LEFT(D49,1)="T","T-","C-")&TRIM(RIGHT(D49,LEN(D49)-SEARCH("-",D49))) -> C-589 | C49: =IFERROR(MID(A49,FIND("_",A49,FIND("_",A49)+1)+1,LEN(A49)),"") -> JSA | D49: Constituciones-589 | E49: 39147 | F49: 39159 | G49: 0.9879 | H49: 11.73
A50: {=IFERROR(_xlfn.XLOOKUP(1,(Hoja1!$B$5:$B$1097=B50)*(Hoja1!$E$5:$E$1097=_xlfn.MAXIFS(Hoja1!$E$5:$E$1097,Hoja1!$B$5:$B$1097,B50,Hoja1!$E$5:$E$1097,"<="&E50)),Hoja1!$C$5:$C$1097,""),"")} -> CONST_135_JSA | B50: =IF(LEFT(D50,1)="T","T-","C-")&TRIM(RIGHT(D50,LEN(D50)-SEARCH("-",D50))) -> C-135 | C50: =IFERROR(MID(A50,FIND("_",A50,FIND("_",A50)+1)+1,LEN(A50)),"") -> JSA | D50: Constituciones-135 | E50: 39163 | F50: 39165 | G50: 0.9941 | H50: 10.84
A51: {=IFERROR(_xlfn.XLOOKUP(1,(Hoja1!$B$5:$B$1097=B51)*(Hoja1!$E$5:$E$1097=_xlfn.MAXIFS(Hoja1!$E$5:$E$1097,Hoja1!$B$5:$B$1097,B51,Hoja1!$E$5:$E$1097,"<="&E51)),Hoja1!$C$5:$C$1097,""),"")} -> CONST_589_JSA | B51: =IF(LEFT(D51,1)="T","T-","C-")&TRIM(RIGHT(D51,LEN(D51)-SEARCH("-",D51))) -> C-589 | C51: =IFERROR(MID(A51,FIND("_",A51,FIND("_",A51)+1)+1,LEN(A51)),"") -> JSA | D51: Constituciones-589 | E51: 39163 | F51: 39165 | G51: 0.9857 | H51: 12.05
A52: {=IFERROR(_xlfn.XLOOKUP(1,(Hoja1!$B$5:$B$1097=B52)*(Hoja1!$E$5:$E$1097=_xlfn.MAXIFS(Hoja1!$E$5:$E$1097,Hoja1!$B$5:$B$1097,B52,Hoja1!$E$5:$E$1097,"<="&E52)),Hoja1!$C$5:$C$1097,""),"")} -> CONST_134D_KTIA | B52: =IF(LEFT(D52,1)="T","T-","C-")&TRIM(RIGHT(D52,LEN(D52)-SEARCH("-",D52))) -> C-134D | C52: =IFERROR(MID(A52,FIND("_",A52,FIND("_",A52)+1)+1,LEN(A52)),"") -> KTIA | D52: Constituciones-134D | E52: 39163 | F52: 39166 | G52: 0.9645 | H52: 15.21
A53: {=IFERROR(_xlfn.XLOOKUP(1,(Hoja1!$B$5:$B$1097=B53)*(Hoja1!$E$5:$E$1097=_xlfn.MAXIFS(Hoja1!$E$5:$E$1097,Hoja1!$B$5:$B$1097,B53,Hoja1!$E$5:$E$1097,"<="&E53)),Hoja1!$C$5:$C$1097,""),"")} -> CONST_138_JSA | B53: =IF(LEFT(D53,1)="T","T-","C-")&TRIM(RIGHT(D53,LEN(D53)-SEARCH("-",D53))) -> C-138 | C53: =IFERROR(MID(A53,FIND("_",A53,FIND("_",A53)+1)+1,LEN(A53)),"") -> JSA | D53: Constituciones-138 | E53: 39163 | F53: 39166 | G53: 0.9866 | H53: 11.92
A54: {=IFERROR(_xlfn.XLOOKUP(1,(Hoja1!$B$5:$B$1097=B54)*(Hoja1!$E$5:$E$1097=_xlfn.MAXIFS(Hoja1!$E$5:$E$1097,Hoja1!$B$5:$B$1097,B54,Hoja1!$E$5:$E$1097,"<="&E54)),Hoja1!$C$5:$C$1097,""),"")} -> CONST_134D_KTIA | B54: =IF(LEFT(D54,1)="T","T-","C-")&TRIM(RIGHT(D54,LEN(D54)-SEARCH("-",D54))) -> C-134D | C54: =IFERROR(MID(A54,FIND("_",A54,FIND("_",A54)+1)+1,LEN(A54)),"") -> KTIA | D54: Constituciones-134D | E54: 39163 | F54: 39169 | G54: 0.9711 | H54: 14.21
A55: {=IFERROR(_xlfn.XLOOKUP(1,(Hoja1!$B$5:$B$1097=B55)*(Hoja1!$E$5:$E$1097=_xlfn.MAXIFS(Hoja1!$E$5:$E$1097,Hoja1!$B$5:$B$1097,B55,Hoja1!$E$5:$E$1097,"<="&E55)),Hoja1!$C$5:$C$1097,""),"")} -> CONST_202_JSA | B55: =IF(LEFT(D55,1)="T","T-","C-")&TRIM(RIGHT(D55,LEN(D55)-SEARCH("-",D55))) -> C-202 | C55: =IFERROR(MID(A55,FIND("_",A55,FIND("_",A55)+1)+1,LEN(A55)),"") -> JSA | D55: Constituciones -202 | E55: 40330 | F55: 40336 | G55: 0.9581 | H55: 16.19 | I55: 26573.889 | J55: 8
A56: {=IFERROR(_xlfn.XLOOKUP(1,(Hoja1!$B$5:$B$1097=B56)*(Hoja1!$E$5:$E$1097=_xlfn.MAXIFS(Hoja1!$E$5:$E$1097,Hoja1!$B$5:$B$1097,B56,Hoja1!$E$5:$E$1097,"<="&E56)),Hoja1!$C$5:$C$1097,""),"")} -> CONST_565_JSA | B56: =IF(LEFT(D56,1)="T","T-","C-")&TRIM(RIGHT(D56,LEN(D56)-SEARCH("-",D56))) -> C-565 | C56: =IFERROR(MID(A56,FIND("_",A56,FIND("_",A56)+1)+1,LEN(A56)),"") -> JSA | D56: Constituciones-565 | E56: 40331 | F56: 40343 | G56: 0.9775 | H56: 13.26 | I56: 22391.954 | J56: 8
A57: {=IFERROR(_xlfn.XLOOKUP(1,(Hoja1!$B$5:$B$1097=B57)*(Hoja1!$E$5:$E$1097=_xlfn.MAXIFS(Hoja1!$E$5:$E$1097,Hoja1!$B$5:$B$1097,B57,Hoja1!$E$5:$E$1097,"<="&E57)),Hoja1!$C$5:$C$1097,""),"")} -> CONST_564_JSA | B57: =IF(LEFT(D57,1)="T","T-","C-")&TRIM(RIGHT(D57,LEN(D57)-SEARCH("-",D57))) -> C-564 | C57: =IFERROR(MID(A57,FIND("_",A57,FIND("_",A57)+1)+1,LEN(A57)),"") -> JSA | D57: Constituciones -564 | E57: 40331 | F57: 40344 | G57: 0.9662 | H57: 14.95 | I57: 27649.72 | J57: 8
A58: {=IFERROR(_xlfn.XLOOKUP(1,(Hoja1!$B$5:$B$1097=B58)*(Hoja1!$E$5:$E$1097=_xlfn.MAXIFS(Hoja1!$E$5:$E$1097,Hoja1!$B$5:$B$1097,B58,Hoja1!$E$5:$E$1097,"<="&E58)),Hoja1!$C$5:$C$1097,""),"")} -> CONST_222_JSA | B58: =IF(LEFT(D58,1)="T","T-","C-")&TRIM(RIGHT(D58,LEN(D58)-SEARCH("-",D58))) -> C-222 | C58: =IFERROR(MID(A58,FIND("_",A58,FIND("_",A58)+1)+1,LEN(A58)),"") -> JSA | D58: Constituciones -222 | E58: 40331 | F58: 40346 | G58: 0.9688 | H58: 14.56 | I58: 30467.345 | J58: 9
A59: {=IFERROR(_xlfn.XLOOKUP(1,(Hoja1!$B$5:$B$1097=B59)*(Hoja1!$E$5:$E$1097=_xlfn.MAXIFS(Hoja1!$E$5:$E$1097,Hoja1!$B$5:$B$1097,B59,Hoja1!$E$5:$E$1097,"<="&E59)),Hoja1!$C$5:$C$1097,""),"")} -> CONST_572_KTIA | B59: =IF(LEFT(D59,1)="T","T-","C-")&TRIM(RIGHT(D59,LEN(D59)-SEARCH("-",D59))) -> C-572 | C59: =IFERROR(MID(A59,FIND("_",A59,FIND("_",A59)+1)+1,LEN(A59)),"") -> KTIA | D59: Constituciones -572 | E59: 40331 | F59: 40346 | G59: 0.9847 | H59: 12.2 | I59: 40984.691 | J59: 9
A60: {=IFERROR(_xlfn.XLOOKUP(1,(Hoja1!$B$5:$B$1097=B60)*(Hoja1!$E$5:$E$1097=_xlfn.MAXIFS(Hoja1!$E$5:$E$1097,Hoja1!$B$5:$B$1097,B60,Hoja1!$E$5:$E$1097,"<="&E60)),Hoja1!$C$5:$C$1097,""),"")} -> TMLP_83_JSA | B60: =IF(LEFT(D60,1)="T","T-","C-")&TRIM(RIGHT(D60,LEN(D60)-SEARCH("-",D60))) -> T-83 | C60: =IFERROR(MID(A60,FIND("_",A60,FIND("_",A60)+1)+1,LEN(A60)),"") -> JSA | D60: Tamaulipas-83 | E60: 40333 | F60: 40352 | G60: 0.9714 | H60: 14.17
A61: {=IFERROR(_xlfn.XLOOKUP(1,(Hoja1!$B$5:$B$1097=B61)*(Hoja1!$E$5:$E$1097=_xlfn.MAXIFS(Hoja1!$E$5:$E$1097,Hoja1!$B$5:$B$1097,B61,Hoja1!$E$5:$E$1097,"<="&E61)),Hoja1!$C$5:$C$1097,""),"")} -> TMLP_110_JSA | B61: =IF(LEFT(D61,1)="T","T-","C-")&TRIM(RIGHT(D61,LEN(D61)-SEARCH("-",D61))) -> T-110 | C61: =IFERROR(MID(A61,FIND("_",A61,FIND("_",A61)+1)+1,LEN(A61)),"") -> JSA | D61: Tamaulipas-110 | E61: 40333 | F61: 40352 | G61: 0.9575 | H61: 16.29 | I61: 34225.46 | J61: 8
A62: {=IFERROR(_xlfn.XLOOKUP(1,(Hoja1!$B$5:$B$1097=B62)*(Hoja1!$E$5:$E$1097=_xlfn.MAXIFS(Hoja1!$E$5:$E$1097,Hoja1!$B$5:$B$1097,B62,Hoja1!$E$5:$E$1097,"<="&E62)),Hoja1!$C$5:$C$1097,""),"")} -> TMLP_748_JSA | B62: =IF(LEFT(D62,1)="T","T-","C-")&TRIM(RIGHT(D62,LEN(D62)-SEARCH("-",D62))) -> T-748 | C62: =IFERROR(MID(A62,FIND("_",A62,FIND("_",A62)+1)+1,LEN(A62)),"") -> JSA | D62: Tamaulipas-748 | E62: 40333 | F62: 40352 | G62: 0.9927 | H62: 11.05 | I62: 36698.099 | J62: 9
A63: {=IFERROR(_xlfn.XLOOKUP(1,(Hoja1!$B$5:$B$1097=B63)*(Hoja1!$E$5:$E$1097=_xlfn.MAXIFS(Hoja1!$E$5:$E$1097,Hoja1!$B$5:$B$1097,B63,Hoja1!$E$5:$E$1097,"<="&E63)),Hoja1!$C$5:$C$1097,""),"")} -> CONST_534_JSA | B63: =IF(LEFT(D63,1)="T","T-","C-")&TRIM(RIGHT(D63,LEN(D63)-SEARCH("-",D63))) -> C-534 | C63: =IFERROR(MID(A63,FIND("_",A63,FIND("_",A63)+1)+1,LEN(A63)),"") -> JSA | D63: Constituciones -534 | E63: 40336 | F63: 40352 | G63: 0.9662 | H63: 14.95 | I63: 18623.748 | J63: 8
A64: {=IFERROR(_xlfn.XLOOKUP(1,(Hoja1!$B$5:$B$1097=B64)*(Hoja1!$E$5:$E$1097=_xlfn.MAXIFS(Hoja1!$E$5:$E$1097,Hoja1!$B$5:$B$1097,B64,Hoja1!$E$5:$E$1097,"<="&E64)),Hoja1!$C$5:$C$1097,""),"")} -> TMLP_85_JSA | B64: =IF(LEFT(D64,1)="T","T-","C-")&TRIM(RIGHT(D64,LEN(D64)-SEARCH("-",D64))) -> T-85 | C64: =IFERROR(MID(A64,FIND("_",A64,FIND("_",A64)+1)+1,LEN(A64)),"") -> JSA | D64: Tamaulipas-85 | E64: 40332 | F64: 40353 | I64: 15232.666 | J64: 8
A65: {=IFERROR(_xlfn.XLOOKUP(1,(Hoja1!$B$5:$B$1097=B65)*(Hoja1!$E$5:$E$1097=_xlfn.MAXIFS(Hoja1!$E$5:$E$1097,Hoja1!$B$5:$B$1097,B65,Hoja1!$E$5:$E$1097,"<="&E65)),Hoja1!$C$5:$C$1097,""),"")} -> TMLP_746_JSA | B65: =IF(LEFT(D65,1)="T","T-","C-")&TRIM(RIGHT(D65,LEN(D65)-SEARCH("-",D65))) -> T-746 | C65: =IFERROR(MID(A65,FIND("_",A65,FIND("_",A65)+1)+1,LEN(A65)),"") -> JSA | D65: Tamaulipas-746 | E65: 40333 | F65: 40353 | G65: 0.9562 | H65: 16.48 | I65: 41449.156 | J65: 7
A66: {=IFERROR(_xlfn.XLOOKUP(1,(Hoja1!$B$5:$B$1097=B66)*(Hoja1!$E$5:$E$1097=_xlfn.MAXIFS(Hoja1!$E$5:$E$1097,Hoja1!$B$5:$B$1097,B66,Hoja1!$E$5:$E$1097,"<="&E66)),Hoja1!$C$5:$C$1097,""),"")} -> TMLP_749_JSA | B66: =IF(LEFT(D66,1)="T","T-","C-")&TRIM(RIGHT(D66,LEN(D66)-SEARCH("-",D66))) -> T-749 | C66: =IFERROR(MID(A66,FIND("_",A66,FIND("_",A66)+1)+1,LEN(A66)),"") -> JSA | D66: Tamaulipas-749 | E66: 40333 | F66: 40353 | G66: 1 | I66: 36821.26 | J66: 9
A67: {=IFERROR(_xlfn.XLOOKUP(1,(Hoja1!$B$5:$B$1097=B67)*(Hoja1!$E$5:$E$1097=_xlfn.MAXIFS(Hoja1!$E$5:$E$1097,Hoja1!$B$5:$B$1097,B67,Hoja1!$E$5:$E$1097,"<="&E67)),Hoja1!$C$5:$C$1097,""),"")} -> CONST_138_JSA | B67: =IF(LEFT(D67,1)="T","T-","C-")&TRIM(RIGHT(D67,LEN(D67)-SEARCH("-",D67))) -> C-138 | C67: =IFERROR(MID(A67,FIND("_",A67,FIND("_",A67)+1)+1,LEN(A67)),"") -> JSA | D67: Constituciones-138 | E67: 40330 | F67: 40360 | G67: 0.9969 | H67: 10.45 | I67: 45616.019 | J67: 8
A68: {=IFERROR(_xlfn.XLOOKUP(1,(Hoja1!$B$5:$B$1097=B68)*(Hoja1!$E$5:$E$1097=_xlfn.MAXIFS(Hoja1!$E$5:$E$1097,Hoja1!$B$5:$B$1097,B68,Hoja1!$E$5:$E$1097,"<="&E68)),Hoja1!$C$5:$C$1097,""),"")} -> CONST_117_JSA | B68: =IF(LEFT(D68,1)="T","T-","C-")&TRIM(RIGHT(D68,LEN(D68)-SEARCH("-",D68))) -> C-117 | C68: =IFERROR(MID(A68,FIND("_",A68,FIND("_",A68)+1)+1,LEN(A68)),"") -> JSA | D68: Constituciones-117 | E68: 40330 | F68: 40360 | G68: 0.9635 | H68: 15.36 | I68: 29663.556 | J68: 8
A69: {=IFERROR(_xlfn.XLOOKUP(1,(Hoja1!$B$5:$B$1097=B69)*(Hoja1!$E$5:$E$1097=_xlfn.MAXIFS(Hoja1!$E$5:$E$1097,Hoja1!$B$5:$B$1097,B69,Hoja1!$E$5:$E$1097,"<="&E69)),Hoja1!$C$5:$C$1097,""),"")} -> CONST_558_JSA | B69: =IF(LEFT(D69,1)="T","T-","C-")&TRIM(RIGHT(D69,LEN(D69)-SEARCH("-",D69))) -> C-558 | C69: =IFERROR(MID(A69,FIND("_",A69,FIND("_",A69)+1)+1,LEN(A69)),"") -> JSA | D69: Constituciones-558 | E69: 40330 | F69: 40361 | G69: 0.9696 | H69: 14.45 | I69: 19710.638 | J69: 8
A70: {=IFERROR(_xlfn.XLOOKUP(1,(Hoja1!$B$5:$B$1097=B70)*(Hoja1!$E$5:$E$1097=_xlfn.MAXIFS(Hoja1!$E$5:$E$1097,Hoja1!$B$5:$B$1097,B70,Hoja1!$E$5:$E$1097,"<="&E70)),Hoja1!$C$5:$C$1097,""),"")} -> TMLP_770_JSA | B70: =IF(LEFT(D70,1)="T","T-","C-")&TRIM(RIGHT(D70,LEN(D70)-SEARCH("-",D70))) -> T-770 | C70: =IFERROR(MID(A70,FIND("_",A70,FIND("_",A70)+1)+1,LEN(A70)),"") -> JSA | D70: Tamaulipas-770 | E70: 40332 | F70: 40361 | G70: 0.9815 | H70: 12.67 | I70: 58265.852 | J70: 9
A71: {=IFERROR(_xlfn.XLOOKUP(1,(Hoja1!$B$5:$B$1097=B71)*(Hoja1!$E$5:$E$1097=_xlfn.MAXIFS(Hoja1!$E$5:$E$1097,Hoja1!$B$5:$B$1097,B71,Hoja1!$E$5:$E$1097,"<="&E71)),Hoja1!$C$5:$C$1097,""),"")} -> CONST_134D_KTIA | B71: =IF(LEFT(D71,1)="T","T-","C-")&TRIM(RIGHT(D71,LEN(D71)-SEARCH("-",D71))) -> C-134D | C71: =IFERROR(MID(A71,FIND("_",A71,FIND("_",A71)+1)+1,LEN(A71)),"") -> KTIA | D71: Constituciones-134D | E71: 40330 | F71: 40364 | G71: 0.9564 | H71: 16.45
A72: {=IFERROR(_xlfn.XLOOKUP(1,(Hoja1!$B$5:$B$1097=B72)*(Hoja1!$E$5:$E$1097=_xlfn.MAXIFS(Hoja1!$E$5:$E$1097,Hoja1!$B$5:$B$1097,B72,Hoja1!$E$5:$E$1097,"<="&E72)),Hoja1!$C$5:$C$1097,""),"")} -> CONST_135D_KTIA | B72: =IF(LEFT(D72,1)="T","T-","C-")&TRIM(RIGHT(D72,LEN(D72)-SEARCH("-",D72))) -> C-135D | C72: =IFERROR(MID(A72,FIND("_",A72,FIND("_",A72)+1)+1,LEN(A72)),"") -> KTIA | D72: Constituciones-135D | E72: 40330 | F72: 40364 | G72: 0.9306 | H72: 20.55
A73: {=IFERROR(_xlfn.XLOOKUP(1,(Hoja1!$B$5:$B$1097=B73)*(Hoja1!$E$5:$E$1097=_xlfn.MAXIFS(Hoja1!$E$5:$E$1097,Hoja1!$B$5:$B$1097,B73,Hoja1!$E$5:$E$1097,"<="&E73)),Hoja1!$C$5:$C$1097,""),"")} -> CONST_135_JSA | B73: =IF(LEFT(D73,1)="T","T-","C-")&TRIM(RIGHT(D73,LEN(D73)-SEARCH("-",D73))) -> C-135 | C73: =IFERROR(MID(A73,FIND("_",A73,FIND("_",A73)+1)+1,LEN(A73)),"") -> JSA | D73: Constituciones-135 | E73: 40329 | F73: 40365 | G73: 0.97 | H73: 14.38 | I73: 36545.813 | J73: 8
A74: {=IFERROR(_xlfn.XLOOKUP(1,(Hoja1!$B$5:$B$1097=B74)*(Hoja1!$E$5:$E$1097=_xlfn.MAXIFS(Hoja1!$E$5:$E$1097,Hoja1!$B$5:$B$1097,B74,Hoja1!$E$5:$E$1097,"<="&E74)),Hoja1!$C$5:$C$1097,""),"")} -> CONST_136D_KTIA | B74: =IF(LEFT(D74,1)="T","T-","C-")&TRIM(RIGHT(D74,LEN(D74)-SEARCH("-",D74))) -> C-136D | C74: =IFERROR(MID(A74,FIND("_",A74,FIND("_",A74)+1)+1,LEN(A74)),"") -> KTIA | D74: Constituciones-136D | E74: 40329 | F74: 40365 | G74: 0.919 | H74: 22.47
A75: {=IFERROR(_xlfn.XLOOKUP(1,(Hoja1!$B$5:$B$1097=B75)*(Hoja1!$E$5:$E$1097=_xlfn.MAXIFS(Hoja1!$E$5:$E$1097,Hoja1!$B$5:$B$1097,B75,Hoja1!$E$5:$E$1097,"<="&E75)),Hoja1!$C$5:$C$1097,""),"")} -> CONST_596_JSA | B75: =IF(LEFT(D75,1)="T","T-","C-")&TRIM(RIGHT(D75,LEN(D75)-SEARCH("-",D75))) -> C-596 | C75: =IFERROR(MID(A75,FIND("_",A75,FIND("_",A75)+1)+1,LEN(A75)),"") -> JSA | D75: Constituciones-596 | E75: 40329 | F75: 40367 | G75: 0.9778 | H75: 13.21
A76: {=IFERROR(_xlfn.XLOOKUP(1,(Hoja1!$B$5:$B$1097=B76)*(Hoja1!$E$5:$E$1097=_xlfn.MAXIFS(Hoja1!$E$5:$E$1097,Hoja1!$B$5:$B$1097,B76,Hoja1!$E$5:$E$1097,"<="&E76)),Hoja1!$C$5:$C$1097,""),"")} -> CONST_610_JSA | B76: =IF(LEFT(D76,1)="T","T-","C-")&TRIM(RIGHT(D76,LEN(D76)-SEARCH("-",D76))) -> C-610 | C76: =IFERROR(MID(A76,FIND("_",A76,FIND("_",A76)+1)+1,LEN(A76)),"") -> JSA | D76: Constituciones-610 | E76: 40329 | F76: 40367 | G76: 0.9636 | H76: 15.35 | I76: 19529.8 | J76: 9
A77: {=IFERROR(_xlfn.XLOOKUP(1,(Hoja1!$B$5:$B$1097=B77)*(Hoja1!$E$5:$E$1097=_xlfn.MAXIFS(Hoja1!$E$5:$E$1097,Hoja1!$B$5:$B$1097,B77,Hoja1!$E$5:$E$1097,"<="&E77)),Hoja1!$C$5:$C$1097,""),"")} -> TMLP_567_JSA | B77: =IF(LEFT(D77,1)="T","T-","C-")&TRIM(RIGHT(D77,LEN(D77)-SEARCH("-",D77))) -> T-567 | C77: =IFERROR(MID(A77,FIND("_",A77,FIND("_",A77)+1)+1,LEN(A77)),"") -> JSA | D77: Tamaulipas-567 | E77: 40332 | F77: 40367 | G77: 0.9716 | H77: 14.15 | I77: 50162.334 | J77: 8
A78: {=IFERROR(_xlfn.XLOOKUP(1,(Hoja1!$B$5:$B$1097=B78)*(Hoja1!$E$5:$E$1097=_xlfn.MAXIFS(Hoja1!$E$5:$E$1097,Hoja1!$B$5:$B$1097,B78,Hoja1!$E$5:$E$1097,"<="&E78)),Hoja1!$C$5:$C$1097,""),"")} -> CONST_106_KTIA | B78: =IF(LEFT(D78,1)="T","T-","C-")&TRIM(RIGHT(D78,LEN(D78)-SEARCH("-",D78))) -> C-106 | C78: =IFERROR(MID(A78,FIND("_",A78,FIND("_",A78)+1)+1,LEN(A78)),"") -> KTIA | D78: Constituciones-106 | E78: 40329 | F78: 40368 | G78: 0.9717 | H78: 14.12
A79: {=IFERROR(_xlfn.XLOOKUP(1,(Hoja1!$B$5:$B$1097=B79)*(Hoja1!$E$5:$E$1097=_xlfn.MAXIFS(Hoja1!$E$5:$E$1097,Hoja1!$B$5:$B$1097,B79,Hoja1!$E$5:$E$1097,"<="&E79)),Hoja1!$C$5:$C$1097,""),"")} -> CONST_598_KTIA | B79: =IF(LEFT(D79,1)="T","T-","C-")&TRIM(RIGHT(D79,LEN(D79)-SEARCH("-",D79))) -> C-598 | C79: =IFERROR(MID(A79,FIND("_",A79,FIND("_",A79)+1)+1,LEN(A79)),"") -> KTIA | D79: Constituciones-598 | E79: 40329 | F79: 40368 | G79: 0.9242 | H79: 21.621 | I79: 39709.958 | J79: 8
A80: {=IFERROR(_xlfn.XLOOKUP(1,(Hoja1!$B$5:$B$1097=B80)*(Hoja1!$E$5:$E$1097=_xlfn.MAXIFS(Hoja1!$E$5:$E$1097,Hoja1!$B$5:$B$1097,B80,Hoja1!$E$5:$E$1097,"<="&E80)),Hoja1!$C$5:$C$1097,""),"")} -> CONST_106_KTIA | B80: =IF(LEFT(D80,1)="T","T-","C-")&TRIM(RIGHT(D80,LEN(D80)-SEARCH("-",D80))) -> C-106 | C80: =IFERROR(MID(A80,FIND("_",A80,FIND("_",A80)+1)+1,LEN(A80)),"") -> KTIA | D80: Constituciones-106 | E80: 40398 | F80: 40415 | G80: 0.972 | H80: 14.08 | I80: 36758 | J80: 8
A81: {=IFERROR(_xlfn.XLOOKUP(1,(Hoja1!$B$5:$B$1097=B81)*(Hoja1!$E$5:$E$1097=_xlfn.MAXIFS(Hoja1!$E$5:$E$1097,Hoja1!$B$5:$B$1097,B81,Hoja1!$E$5:$E$1097,"<="&E81)),Hoja1!$C$5:$C$1097,""),"")} -> CONST_106_KTIA | B81: =IF(LEFT(D81,1)="T","T-","C-")&TRIM(RIGHT(D81,LEN(D81)-SEARCH("-",D81))) -> C-106 | C81: =IFERROR(MID(A81,FIND("_",A81,FIND("_",A81)+1)+1,LEN(A81)),"") -> KTIA | D81: Constituciones-106 | E81: 40398 | F81: 40415 | G81: 0.972 | H81: 14.08 | I81: 36946 | J81: 8
A82: {=IFERROR(_xlfn.XLOOKUP(1,(Hoja1!$B$5:$B$1097=B82)*(Hoja1!$E$5:$E$1097=_xlfn.MAXIFS(Hoja1!$E$5:$E$1097,Hoja1!$B$5:$B$1097,B82,Hoja1!$E$5:$E$1097,"<="&E82)),Hoja1!$C$5:$C$1097,""),"")} -> CONST_596_JSA | B82: =IF(LEFT(D82,1)="T","T-","C-")&TRIM(RIGHT(D82,LEN(D82)-SEARCH("-",D82))) -> C-596 | C82: =IFERROR(MID(A82,FIND("_",A82,FIND("_",A82)+1)+1,LEN(A82)),"") -> JSA | D82: Constituciones-596 | E82: 40396 | F82: 40423 | G82: 0.9781 | H82: 13.17
A83: {=IFERROR(_xlfn.XLOOKUP(1,(Hoja1!$B$5:$B$1097=B83)*(Hoja1!$E$5:$E$1097=_xlfn.MAXIFS(Hoja1!$E$5:$E$1097,Hoja1!$B$5:$B$1097,B83,Hoja1!$E$5:$E$1097,"<="&E83)),Hoja1!$C$5:$C$1097,""),"")} -> CONST_596_JSA | B83: =IF(LEFT(D83,1)="T","T-","C-")&TRIM(RIGHT(D83,LEN(D83)-SEARCH("-",D83))) -> C-596 | C83: =IFERROR(MID(A83,FIND("_",A83,FIND("_",A83)+1)+1,LEN(A83)),"") -> JSA | D83: Constituciones-596 | E83: 40396 | F83: 40423 | G83: 0.9815 | H83: 12.67
A84: {=IFERROR(_xlfn.XLOOKUP(1,(Hoja1!$B$5:$B$1097=B84)*(Hoja1!$E$5:$E$1097=_xlfn.MAXIFS(Hoja1!$E$5:$E$1097,Hoja1!$B$5:$B$1097,B84,Hoja1!$E$5:$E$1097,"<="&E84)),Hoja1!$C$5:$C$1097,""),"")} -> CONST_596_JSA | B84: =IF(LEFT(D84,1)="T","T-","C-")&TRIM(RIGHT(D84,LEN(D84)-SEARCH("-",D84))) -> C-596 | C84: =IFERROR(MID(A84,FIND("_",A84,FIND("_",A84)+1)+1,LEN(A84)),"") -> JSA | D84: Constituciones-596 | E84: 40396 | F84: 40423 | G84: 0.9795 | H84: 12.96
A85: {=IFERROR(_xlfn.XLOOKUP(1,(Hoja1!$B$5:$B$1097=B85)*(Hoja1!$E$5:$E$1097=_xlfn.MAXIFS(Hoja1!$E$5:$E$1097,Hoja1!$B$5:$B$1097,B85,Hoja1!$E$5:$E$1097,"<="&E85)),Hoja1!$C$5:$C$1097,""),"")} -> CONST_135D_KTIA | B85: =IF(LEFT(D85,1)="T","T-","C-")&TRIM(RIGHT(D85,LEN(D85)-SEARCH("-",D85))) -> C-135D | C85: =IFERROR(MID(A85,FIND("_",A85,FIND("_",A85)+1)+1,LEN(A85)),"") -> KTIA | D85: Constituciones-135D | E85: 40393 | F85: 40427 | G85: 0.9085 | H85: 24.25
A86: {=IFERROR(_xlfn.XLOOKUP(1,(Hoja1!$B$5:$B$1097=B86)*(Hoja1!$E$5:$E$1097=_xlfn.MAXIFS(Hoja1!$E$5:$E$1097,Hoja1!$B$5:$B$1097,B86,Hoja1!$E$5:$E$1097,"<="&E86)),Hoja1!$C$5:$C$1097,""),"")} -> CONST_135D_KTIA | B86: =IF(LEFT(D86,1)="T","T-","C-")&TRIM(RIGHT(D86,LEN(D86)-SEARCH("-",D86))) -> C-135D | C86: =IFERROR(MID(A86,FIND("_",A86,FIND("_",A86)+1)+1,LEN(A86)),"") -> KTIA | D86: Constituciones-135D | E86: 40393 | F86: 40427 | G86: 0.9118 | H86: 23.69
A87: {=IFERROR(_xlfn.XLOOKUP(1,(Hoja1!$B$5:$B$1097=B87)*(Hoja1!$E$5:$E$1097=_xlfn.MAXIFS(Hoja1!$E$5:$E$1097,Hoja1!$B$5:$B$1097,B87,Hoja1!$E$5:$E$1097,"<="&E87)),Hoja1!$C$5:$C$1097,""),"")} -> CONST_136D_KTIA | B87: =IF(LEFT(D87,1)="T","T-","C-")&TRIM(RIGHT(D87,LEN(D87)-SEARCH("-",D87))) -> C-136D | C87: =IFERROR(MID(A87,FIND("_",A87,FIND("_",A87)+1)+1,LEN(A87)),"") -> KTIA | D87: Constituciones-136D | E87: 40396 | F87: 40428 | G87: 0.925 | H87: 21.47 | I87: 55884 | J87: 8
A88: {=IFERROR(_xlfn.XLOOKUP(1,(Hoja1!$B$5:$B$1097=B88)*(Hoja1!$E$5:$E$1097=_xlfn.MAXIFS(Hoja1!$E$5:$E$1097,Hoja1!$B$5:$B$1097,B88,Hoja1!$E$5:$E$1097,"<="&E88)),Hoja1!$C$5:$C$1097,""),"")} -> CONST_136D_KTIA | B88: =IF(LEFT(D88,1)="T","T-","C-")&TRIM(RIGHT(D88,LEN(D88)-SEARCH("-",D88))) -> C-136D | C88: =IFERROR(MID(A88,FIND("_",A88,FIND("_",A88)+1)+1,LEN(A88)),"") -> KTIA | D88: Constituciones-136D | E88: 40396 | F88: 40428 | G88: 0.9244 | H88: 21.57 | I88: 55884 | J88: 8
A89: {=IFERROR(_xlfn.XLOOKUP(1,(Hoja1!$B$5:$B$1097=B89)*(Hoja1!$E$5:$E$1097=_xlfn.MAXIFS(Hoja1!$E$5:$E$1097,Hoja1!$B$5:$B$1097,B89,Hoja1!$E$5:$E$1097,"<="&E89)),Hoja1!$C$5:$C$1097,""),"")} -> CONST_136D_KTIA | B89: =IF(LEFT(D89,1)="T","T-","C-")&TRIM(RIGHT(D89,LEN(D89)-SEARCH("-",D89))) -> C-136D | C89: =IFERROR(MID(A89,FIND("_",A89,FIND("_",A89)+1)+1,LEN(A89)),"") -> KTIA | D89: Constituciones-136D | E89: 40396 | F89: 40428 | G89: 0.9244 | H89: 21.57 | I89: 55884 | J89: 8
A90: {=IFERROR(_xlfn.XLOOKUP(1,(Hoja1!$B$5:$B$1097=B90)*(Hoja1!$E$5:$E$1097=_xlfn.MAXIFS(Hoja1!$E$5:$E$1097,Hoja1!$B$5:$B$1097,B90,Hoja1!$E$5:$E$1097,"<="&E90)),Hoja1!$C$5:$C$1097,""),"")} -> CONST_569_JSA | B90: =IF(LEFT(D90,1)="T","T-","C-")&TRIM(RIGHT(D90,LEN(D90)-SEARCH("-",D90))) -> C-569 | C90: =IFERROR(MID(A90,FIND("_",A90,FIND("_",A90)+1)+1,LEN(A90)),"") -> JSA | D90: Constituciones-569 | E90: 40393 | F90: 40428 | G90: 0.9622 | H90: 15.56 | I90: 38153 | J90: 8
A91: {=IFERROR(_xlfn.XLOOKUP(1,(Hoja1!$B$5:$B$1097=B91)*(Hoja1!$E$5:$E$1097=_xlfn.MAXIFS(Hoja1!$E$5:$E$1097,Hoja1!$B$5:$B$1097,B91,Hoja1!$E$5:$E$1097,"<="&E91)),Hoja1!$C$5:$C$1097,""),"")} -> CONST_569_JSA | B91: =IF(LEFT(D91,1)="T","T-","C-")&TRIM(RIGHT(D91,LEN(D91)-SEARCH("-",D91))) -> C-569 | C91: =IFERROR(MID(A91,FIND("_",A91,FIND("_",A91)+1)+1,LEN(A91)),"") -> JSA | D91: Constituciones-569 | E91: 40393 | F91: 40428 | G91: 0.9628 | H91: 15.47 | I91: 39296 | J91: 8
A92: {=IFERROR(_xlfn.XLOOKUP(1,(Hoja1!$B$5:$B$1097=B92)*(Hoja1!$E$5:$E$1097=_xlfn.MAXIFS(Hoja1!$E$5:$E$1097,Hoja1!$B$5:$B$1097,B92,Hoja1!$E$5:$E$1097,"<="&E92)),Hoja1!$C$5:$C$1097,""),"")} -> CONST_202D_KTIA | B92: =IF(LEFT(D92,1)="T","T-","C-")&TRIM(RIGHT(D92,LEN(D92)-SEARCH("-",D92))) -> C-202D | C92: =IFERROR(MID(A92,FIND("_",A92,FIND("_",A92)+1)+1,LEN(A92)),"") -> KTIA | D92: Constituciones-202D | E92: 40393 | F92: 40429 | G92: 0.9576 | H92: 16.27
A93: {=IFERROR(_xlfn.XLOOKUP(1,(Hoja1!$B$5:$B$1097=B93)*(Hoja1!$E$5:$E$1097=_xlfn.MAXIFS(Hoja1!$E$5:$E$1097,Hoja1!$B$5:$B$1097,B93,Hoja1!$E$5:$E$1097,"<="&E93)),Hoja1!$C$5:$C$1097,""),"")} -> CONST_202D_KTIA | B93: =IF(LEFT(D93,1)="T","T-","C-")&TRIM(RIGHT(D93,LEN(D93)-SEARCH("-",D93))) -> C-202D | C93: =IFERROR(MID(A93,FIND("_",A93,FIND("_",A93)+1)+1,LEN(A93)),"") -> KTIA | D93: Constituciones-202D | E93: 40393 | F93: 40429 | G93: 0.9579 | H93: 16.22
A94: {=IFERROR(_xlfn.XLOOKUP(1,(Hoja1!$B$5:$B$1097=B94)*(Hoja1!$E$5:$E$1097=_xlfn.MAXIFS(Hoja1!$E$5:$E$1097,Hoja1!$B$5:$B$1097,B94,Hoja1!$E$5:$E$1097,"<="&E94)),Hoja1!$C$5:$C$1097,""),"")} -> CONST_202D_KTIA | B94: =IF(LEFT(D94,1)="T","T-","C-")&TRIM(RIGHT(D94,LEN(D94)-SEARCH("-",D94))) -> C-202D | C94: =IFERROR(MID(A94,FIND("_",A94,FIND("_",A94)+1)+1,LEN(A94)),"") -> KTIA | D94: Constituciones-202D | E94: 40393 | F94: 40429 | G94: 0.9579 | H94: 16.23
A95: {=IFERROR(_xlfn.XLOOKUP(1,(Hoja1!$B$5:$B$1097=B95)*(Hoja1!$E$5:$E$1097=_xlfn.MAXIFS(Hoja1!$E$5:$E$1097,Hoja1!$B$5:$B$1097,B95,Hoja1!$E$5:$E$1097,"<="&E95)),Hoja1!$C$5:$C$1097,""),"")} -> TMLP_746_JSA | B95: =IF(LEFT(D95,1)="T","T-","C-")&TRIM(RIGHT(D95,LEN(D95)-SEARCH("-",D95))) -> T-746 | C95: =IFERROR(MID(A95,FIND("_",A95,FIND("_",A95)+1)+1,LEN(A95)),"") -> JSA | D95: Tamaulipas-746 | E95: 40396 | F95: 40429 | G95: 0.9615 | H95: 15.68 | I95: 47963 | J95: 8
A96: {=IFERROR(_xlfn.XLOOKUP(1,(Hoja1!$B$5:$B$1097=B96)*(Hoja1!$E$5:$E$1097=_xlfn.MAXIFS(Hoja1!$E$5:$E$1097,Hoja1!$B$5:$B$1097,B96,Hoja1!$E$5:$E$1097,"<="&E96)),Hoja1!$C$5:$C$1097,""),"")} -> TMLP_746_JSA | B96: =IF(LEFT(D96,1)="T","T-","C-")&TRIM(RIGHT(D96,LEN(D96)-SEARCH("-",D96))) -> T-746 | C96: =IFERROR(MID(A96,FIND("_",A96,FIND("_",A96)+1)+1,LEN(A96)),"") -> JSA | D96: Tamaulipas-746 | E96: 40396 | F96: 40429 | G96: 0.9636 | H96: 15.35 | I96: 48514 | J96: 8
A97: {=IFERROR(_xlfn.XLOOKUP(1,(Hoja1!$B$5:$B$1097=B97)*(Hoja1!$E$5:$E$1097=_xlfn.MAXIFS(Hoja1!$E$5:$E$1097,Hoja1!$B$5:$B$1097,B97,Hoja1!$E$5:$E$1097,"<="&E97)),Hoja1!$C$5:$C$1097,""),"")} -> TMLP_746_JSA | B97: =IF(LEFT(D97,1)="T","T-","C-")&TRIM(RIGHT(D97,LEN(D97)-SEARCH("-",D97))) -> T-746 | C97: =IFERROR(MID(A97,FIND("_",A97,FIND("_",A97)+1)+1,LEN(A97)),"") -> JSA | D97: Tamaulipas-746 | E97: 40396 | F97: 40429 | G97: 0.9616 | H97: 15.65 | I97: 47963 | J97: 8
A98: {=IFERROR(_xlfn.XLOOKUP(1,(Hoja1!$B$5:$B$1097=B98)*(Hoja1!$E$5:$E$1097=_xlfn.MAXIFS(Hoja1!$E$5:$E$1097,Hoja1!$B$5:$B$1097,B98,Hoja1!$E$5:$E$1097,"<="&E98)),Hoja1!$C$5:$C$1097,""),"")} -> TMLP_83D_KTIA | B98: =IF(LEFT(D98,1)="T","T-","C-")&TRIM(RIGHT(D98,LEN(D98)-SEARCH("-",D98))) -> T-83D | C98: =IFERROR(MID(A98,FIND("_",A98,FIND("_",A98)+1)+1,LEN(A98)),"") -> KTIA | D98: Tamaulipas-83D | E98: 40395 | F98: 40430 | G98: 0.9708 | H98: 14.26
A99: {=IFERROR(_xlfn.XLOOKUP(1,(Hoja1!$B$5:$B$1097=B99)*(Hoja1!$E$5:$E$1097=_xlfn.MAXIFS(Hoja1!$E$5:$E$1097,Hoja1!$B$5:$B$1097,B99,Hoja1!$E$5:$E$1097,"<="&E99)),Hoja1!$C$5:$C$1097,""),"")} -> TMLP_83D_KTIA | B99: =IF(LEFT(D99,1)="T","T-","C-")&TRIM(RIGHT(D99,LEN(D99)-SEARCH("-",D99))) -> T-83D | C99: =IFERROR(MID(A99,FIND("_",A99,FIND("_",A99)+1)+1,LEN(A99)),"") -> KTIA | D99: Tamaulipas-83D | E99: 40395 | F99: 40430 | G99: 0.9702 | H99: 14.36
A100: {=IFERROR(_xlfn.XLOOKUP(1,(Hoja1!$B$5:$B$1097=B100)*(Hoja1!$E$5:$E$1097=_xlfn.MAXIFS(Hoja1!$E$5:$E$1097,Hoja1!$B$5:$B$1097,B100,Hoja1!$E$5:$E$1097,"<="&E100)),Hoja1!$C$5:$C$1097,""),"")} -> TMLP_83D_KTIA | B100: =IF(LEFT(D100,1)="T","T-","C-")&TRIM(RIGHT(D100,LEN(D100)-SEARCH("-",D100))) -> T-83D | C100: =IFERROR(MID(A100,FIND("_",A100,FIND("_",A100)+1)+1,LEN(A100)),"") -> KTIA | D100: Tamaulipas-83D | E100: 40395 | F100: 40430 | G100: 0.9722 | H100: 14.06
A101: {=IFERROR(_xlfn.XLOOKUP(1,(Hoja1!$B$5:$B$1097=B101)*(Hoja1!$E$5:$E$1097=_xlfn.MAXIFS(Hoja1!$E$5:$E$1097,Hoja1!$B$5:$B$1097,B101,Hoja1!$E$5:$E$1097,"<="&E101)),Hoja1!$C$5:$C$1097,""),"")} -> CONST_576_JSA | B101: =IF(LEFT(D101,1)="T","T-","C-")&TRIM(RIGHT(D101,LEN(D101)-SEARCH("-",D101))) -> C-576 | C101: =IFERROR(MID(A101,FIND("_",A101,FIND("_",A101)+1)+1,LEN(A101)),"") -> JSA | D101: Constituciones-576 | E101: 40393 | F101: 40444 | G101: 0.9849 | H101: 12.17 | I101: 21360 | J101: 8
A102: {=IFERROR(_xlfn.XLOOKUP(1,(Hoja1!$B$5:$B$1097=B102)*(Hoja1!$E$5:$E$1097=_xlfn.MAXIFS(Hoja1!$E$5:$E$1097,Hoja1!$B$5:$B$1097,B102,Hoja1!$E$5:$E$1097,"<="&E102)),Hoja1!$C$5:$C$1097,""),"")} -> CONST_576_JSA | B102: =IF(LEFT(D102,1)="T","T-","C-")&TRIM(RIGHT(D102,LEN(D102)-SEARCH("-",D102))) -> C-576 | C102: =IFERROR(MID(A102,FIND("_",A102,FIND("_",A102)+1)+1,LEN(A102)),"") -> JSA | D102: Constituciones-576 | E102: 40393 | F102: 40444 | G102: 0.9869 | H102: 11.88 | I102: 21454 | J102: 8
A103: {=IFERROR(_xlfn.XLOOKUP(1,(Hoja1!$B$5:$B$1097=B103)*(Hoja1!$E$5:$E$1097=_xlfn.MAXIFS(Hoja1!$E$5:$E$1097,Hoja1!$B$5:$B$1097,B103,Hoja1!$E$5:$E$1097,"<="&E103)),Hoja1!$C$5:$C$1097,""),"")} -> TMLP_83_JSA | B103: =IF(LEFT(D103,1)="T","T-","C-")&TRIM(RIGHT(D103,LEN(D103)-SEARCH("-",D103))) -> T-83 | C103: =IFERROR(MID(A103,FIND("_",A103,FIND("_",A103)+1)+1,LEN(A103)),"") -> JSA | D103: Tamaulipas-83 | E103: 40395 | F103: 40445 | G103: 0.9716 | H103: 14.15
A104: {=IFERROR(_xlfn.XLOOKUP(1,(Hoja1!$B$5:$B$1097=B104)*(Hoja1!$E$5:$E$1097=_xlfn.MAXIFS(Hoja1!$E$5:$E$1097,Hoja1!$B$5:$B$1097,B104,Hoja1!$E$5:$E$1097,"<="&E104)),Hoja1!$C$5:$C$1097,""),"")} -> TMLP_83_JSA | B104: =IF(LEFT(D104,1)="T","T-","C-")&TRIM(RIGHT(D104,LEN(D104)-SEARCH("-",D104))) -> T-83 | C104: =IFERROR(MID(A104,FIND("_",A104,FIND("_",A104)+1)+1,LEN(A104)),"") -> JSA | D104: Tamaulipas-83 | E104: 40395 | F104: 40445 | G104: 0.9736 | H104: 13.85
A105: {=IFERROR(_xlfn.XLOOKUP(1,(Hoja1!$B$5:$B$1097=B105)*(Hoja1!$E$5:$E$1097=_xlfn.MAXIFS(Hoja1!$E$5:$E$1097,Hoja1!$B$5:$B$1097,B105,Hoja1!$E$5:$E$1097,"<="&E105)),Hoja1!$C$5:$C$1097,""),"")} -> TMLP_83_JSA | B105: =IF(LEFT(D105,1)="T","T-","C-")&TRIM(RIGHT(D105,LEN(D105)-SEARCH("-",D105))) -> T-83 | C105: =IFERROR(MID(A105,FIND("_",A105,FIND("_",A105)+1)+1,LEN(A105)),"") -> JSA | D105: Tamaulipas-83 | E105: 40395 | F105: 40445 | G105: 0.9716 | H105: 14.15
...

Sheet Stiff
A1: Terminacion | B1: Pozo | C1: ID | D1: No. | E1: Formación | F1: Intervalo | G1: Profundidad | H1: Fecha de Muestreo | I1: Hora | J1: Fecha análisis | K1: PH | L1: Olor | M1: Color | N1: Aspecto | O1: Densidad gr/cm3 | P1: Temperatura °C | Q1: Oxígeno Disuelto mg/L | R1: Acido Suflhídrico mg/L | S1: Bióxido de Carbono mg/L | T1: Sodio mg/L | U1: Calcio mg/L | V1: Magnesio mg/L | W1: Fierro mg/L | X1: Cloruros mg/L | Y1: Bicarbonatos mg/L | Z1: Sulfatos mg/L | AA1: Carbonatos mg/L | AB1: Salinidad "NaCl" ppm | AC1: Salinidad Equivalente ppm | AD1: Acidez mg/L | AE1: Solidos Disueltos mg/l | AF1: Oxido Ferrico mg/l | AG1: Dureza Total mg/l | AH1: Indice de Estabilidad SD | AI1: Alcalinidad "F" mg/L | AJ1: Alcalinidad "M" mg/L | AK1: Sodio meq/L | AL1: Calcio meq/L | AM1: Magnesio meq/L | AN1: Fierro meq/L | AO1: Cloruros meqL | AP1: Bicarbonatos meq/L | AQ1: Sulfatos meq/L | AR1: Carbonatos meq/L | AS1: Observaciones
A2: {=IFERROR(_xlfn.XLOOKUP(1,(Hoja1!$B$5:$B$1097=B2)*(Hoja1!$E$5:$E$1097=_xlfn.MAXIFS(Hoja1!$E$5:$E$1097,Hoja1!$B$5:$B$1097,B2,Hoja1!$E$5:$E$1097,"<="&H2)),Hoja1!$C$5:$C$1097,""),"")} -> CONST_119_JSA | B2: =IF(LEFT(C2,1)="T","T-","C-")&TRIM(RIGHT(C2,LEN(C2)-SEARCH("-",C2))) -> C-119 | C2: Constituciones-119 | D2: 119 | E2: Sin Dato | F2: S/D | G2: S/D | H2: 38588 | I2: S/D | J2: 38593 | K2: 7 | L2: fétido | M2: incoloro | N2: transparen | O2: 1.0003 | P2: 23 | Q2: 0 | R2: 0.34 | S2: 139.63 | T2: 2993.2 | U2: 240.5 | V2: 680.9 | W2: 0 | X2: 6166 | Y2: 686.39 | Z2: 625 | AA2: 0 | AB2: 10162.062 | AD2: 5.275 | AE2: 11391.99 | AF2: 0 | AG2: 3403 | AH2: 531.96 | AK2: 130.14547 | AL2: 12.00095 | AM2: 55.997216 | AN2: 0 | AO2: 173.8812 | AP2: 11.249932 | AQ2: 13.0125 | AR2: 0
A3: {=IFERROR(_xlfn.XLOOKUP(1,(Hoja1!$B$5:$B$1097=B3)*(Hoja1!$E$5:$E$1097=_xlfn.MAXIFS(Hoja1!$E$5:$E$1097,Hoja1!$B$5:$B$1097,B3,Hoja1!$E$5:$E$1097,"<="&H3)),Hoja1!$C$5:$C$1097,""),"")} -> CONST_134_JSA | B3: =IF(LEFT(C3,1)="T","T-","C-")&TRIM(RIGHT(C3,LEN(C3)-SEARCH("-",C3))) -> C-134 | C3: Constituciones-134 | D3: 134 | E3: Sin Dato | F3: S/D | G3: S/D | H3: 38588 | I3: S/D | J3: 38593 | K3: 6 | L3: inodoro | M3: café claro | N3: lig. Turbio | O3: 0.9983 | P3: 23 | Q3: 0 | R3: 206.88 | S3: 69.81 | T3: 3684.7 | U3: 541.1 | V3: 547.2 | W3: 14.5 | X3: 7238 | Y3: 411.84 | Z3: 1050 | AA3: 0 | AB3: 11952.702 | AD3: 5.275 | AE3: 13487.34 | AF3: 20.73065 | AG3: 3603 | AH3: 319.17 | AK3: 160.20094 | AL3: 27.00089 | AM3: 45.001728 | AN3: 0.5191 | AO3: 204.1116 | AP3: 6.7500576 | AQ3: 21.861 | AR3: 0
A4: {=IFERROR(_xlfn.XLOOKUP(1,(Hoja1!$B$5:$B$1097=B4)*(Hoja1!$E$5:$E$1097=_xlfn.MAXIFS(Hoja1!$E$5:$E$1097,Hoja1!$B$5:$B$1097,B4,Hoja1!$E$5:$E$1097,"<="&H4)),Hoja1!$C$5:$C$1097,""),"")} -> CONST_169D_JSA | B4: =IF(LEFT(C4,1)="T","T-","C-")&TRIM(RIGHT(C4,LEN(C4)-SEARCH("-",C4))) -> C-169D | C4: Constituciones-169D | D4: 169D | E4: Sin Dato | F4: S/D | G4: S/D | H4: 38588 | I4: S/D | J4: 38593 | K4: 6 | L4: Aceitoso | M4: café claro | N4: lig. Turbio | O4: 0.9987 | P4: 22 | Q4: 0 | R4: 69.19 | S4: 59.84 | T4: 3353.2 | U4: 420.8 | V4: 620.1 | W4: 11.5 | X4: 6434 | Y4: 274.56 | Z4: 1550 | AA4: 0 | AB4: 10620.735 | AD4: 5.275 | AE4: 12664.16 | AF4: 16.44155 | AG4: 3603 | AH4: 212.78 | AK4: 145.80319 | AL4: 20.99792 | AM4: 50.997024 | AN4: 0.4117 | AO4: 181.4388 | AP4: 4.5000384 | AQ4: 32.271 | AR4: 0
A5: {=IFERROR(_xlfn.XLOOKUP(1,(Hoja1!$B$5:$B$1097=B5)*(Hoja1!$E$5:$E$1097=_xlfn.MAXIFS(Hoja1!$E$5:$E$1097,Hoja1!$B$5:$B$1097,B5,Hoja1!$E$5:$E$1097,"<="&H5)),Hoja1!$C$5:$C$1097,""),"")} | B5: =IF(LEFT(C5,1)="T","T-","C-")&TRIM(RIGHT(C5,LEN(C5)-SEARCH("-",C5))) -> C-195T | C5: Constituciones-195T | D5: 195T | E5: Sin Dato | F5: S/D | G5: S/D | H5: 38588 | I5: S/D | J5: 38593 | K5: 6 | L5: inoloro | M5: café claro | N5: lig. Turbio | O5: 0.9987 | P5: 22 | Q5: 0 | R5: 4.09 | S5: 39.89 | T5: 1885.8 | U5: 280.6 | V5: 559.3 | W5: 15 | X5: 4021 | Y5: 411.84 | Z5: 1075 | AA5: 0 | AB5: 6637.5468 | AD5: 5.275 | AE5: 8248.54 | AF5: 21.4455 | AG5: 3002 | AH5: 319.17 | AK5: 81.987986 | AL5: 14.00194 | AM5: 45.996832 | AN5: 0.537 | AO5: 113.3922 | AP5: 6.7500576 | AQ5: 22.3815 | AR5: 0
A6: {=IFERROR(_xlfn.XLOOKUP(1,(Hoja1!$B$5:$B$1097=B6)*(Hoja1!$E$5:$E$1097=_xlfn.MAXIFS(Hoja1!$E$5:$E$1097,Hoja1!$B$5:$B$1097,B6,Hoja1!$E$5:$E$1097,"<="&H6)),Hoja1!$C$5:$C$1097,""),"")} -> CONST_196D_KTIA | B6: =IF(LEFT(C6,1)="T","T-","C-")&TRIM(RIGHT(C6,LEN(C6)-SEARCH("-",C6))) -> C-196D | C6: Constituciones-196D | D6: 196D | E6: Sin Dato | F6: S/D | G6: S/D | H6: 38588 | I6: S/D | J6: 38593 | K6: 7 | L6: aceite | M6: obscuro transparente c/sólidos suspendidos | N6: Turbio | O6: 0.9997 | P6: 22 | Q6: 0 | R6: 38.51 | S6: 69.81 | T6: 3160 | U6: 601.2 | V6: 632.3 | W6: 5.5 | X6: 6702 | Y6: 755.03 | Z6: 875 | AA6: 0 | AB6: 11052.062 | AD6: 5.275 | AE6: 12731.03 | AF6: 7.86335 | AG6: 4103 | AH6: 585.15 | AK6: 137.39171 | AL6: 29.99988 | AM6: 52.000352 | AN6: 0.1969 | AO6: 188.9964 | AP6: 12.374942 | AQ6: 18.2175 | AR6: 0
A7: {=IFERROR(_xlfn.XLOOKUP(1,(Hoja1!$B$5:$B$1097=B7)*(Hoja1!$E$5:$E$1097=_xlfn.MAXIFS(Hoja1!$E$5:$E$1097,Hoja1!$B$5:$B$1097,B7,Hoja1!$E$5:$E$1097,"<="&H7)),Hoja1!$C$5:$C$1097,""),"")} -> CONST_199_JSA | B7: =IF(LEFT(C7,1)="T","T-","C-")&TRIM(RIGHT(C7,LEN(C7)-SEARCH("-",C7))) -> C-199 | C7: Constituciones-199 | D7: 199 | E7: Sin Dato | F7: S/D | G7: S/D | H7: 38588 | I7: S/D | J7: 38593 | K7: 6 | L7: aceite | M7: café muy claro | N7: transparen | O7: 0.9963 | P7: 23 | Q7: 0 | R7: 107.36 | S7: 29.92 | T7: 3276 | U7: 481 | V7: 158.1 | W7: 1.75 | X7: 6166 | Y7: 343.2 | Z7: 0 | AA7: 0 | AB7: 10202.861 | AD7: 5.275 | AE7: 10426.05 | AF7: 2.501975 | AG7: 1851 | AH7: 265.98 | AK7: 142.43955 | AL7: 24.0019 | AM7: 13.002144 | AN7: 0.06265 | AO7: 173.8812 | AP7: 5.625048 | AQ7: 0 | AR7: 0
A8: {=IFERROR(_xlfn.XLOOKUP(1,(Hoja1!$B$5:$B$1097=B8)*(Hoja1!$E$5:$E$1097=_xlfn.MAXIFS(Hoja1!$E$5:$E$1097,Hoja1!$B$5:$B$1097,B8,Hoja1!$E$5:$E$1097,"<="&H8)),Hoja1!$C$5:$C$1097,""),"")} -> CONST_201_JSA | B8: =IF(LEFT(C8,1)="T","T-","C-")&TRIM(RIGHT(C8,LEN(C8)-SEARCH("-",C8))) -> C-201 | C8: Constituciones-201 | D8: 201 | E8: Sin Dato | F8: S/D | G8: S/D | H8: 38588 | I8: S/D | J8: 38593 | K8: 5 | L8: aceite | M8: incoloro | N8: transparen | O8: 0.9987 | P8: 22 | Q8: 0 | R8: 4.09 | S8: 29.92 | T8: 3080.9 | U8: 440.9 | V8: 462.1 | W8: 1.75 | X8: 6702 | Y8: 274.56 | Z8: 25 | AA8: 0 | AB8: 11063.128 | AD8: 5.275 | AE8: 10987.21 | AF8: 2.501975 | AG8: 3002 | AH8: 212.78 | AK8: 133.95027 | AL8: 22.00091 | AM8: 38.003104 | AN8: 0.06265 | AO8: 188.9964 | AP8: 4.5000384 | AQ8: 0.5205 | AR8: 0
A9: {=IFERROR(_xlfn.XLOOKUP(1,(Hoja1!$B$5:$B$1097=B9)*(Hoja1!$E$5:$E$1097=_xlfn.MAXIFS(Hoja1!$E$5:$E$1097,Hoja1!$B$5:$B$1097,B9,Hoja1!$E$5:$E$1097,"<="&H9)),Hoja1!$C$5:$C$1097,""),"")} -> CONST_211_JSA | B9: =IF(LEFT(C9,1)="T","T-","C-")&TRIM(RIGHT(C9,LEN(C9)-SEARCH("-",C9))) -> C-211 | C9: Constituciones-211 | D9: 211 | E9: Sin Dato | F9: S/D | G9: S/D | H9: 38588 | I9: S/D | J9: 38593 | K9: 6 | L9: aceite | M9: café muy claro | N9: transparen | O9: 0.9987 | P9: 22 | Q9: 0 | R9: 103.61 | S9: 39.89 | T9: 2635.8 | U9: 400.8 | V9: 620.1 | W9: 1.75 | X9: 6166 | Y9: 274.56 | Z9: 350 | AA9: 0 | AB9: 10178.342 | AD9: 5275 | AE9: 10449.01 | AF9: 2.501975 | AG9: 3553 | AH9: 212.78 | AK9: 114.60864 | AL9: 19.99992 | AM9: 50.997024 | AN9: 0.06265 | AO9: 173.8812 | AP9: 4.5000384 | AQ9: 7.287 | AR9: 0
A10: {=IFERROR(_xlfn.XLOOKUP(1,(Hoja1!$B$5:$B$1097=B10)*(Hoja1!$E$5:$E$1097=_xlfn.MAXIFS(Hoja1!$E$5:$E$1097,Hoja1!$B$5:$B$1097,B10,Hoja1!$E$5:$E$1097,"<="&H10)),Hoja1!$C$5:$C$1097,""),"")} -> CONST_221_JSA | B10: =IF(LEFT(C10,1)="T","T-","C-")&TRIM(RIGHT(C10,LEN(C10)-SEARCH("-",C10))) -> C-221 | C10: Constituciones-221 | D10: 221 | E10: Sin Dato | F10: S/D | G10: S/D | H10: 38588 | I10: S/D | J10: 38593 | K10: 7 | L10: Aceitoso | M10: café | N10: Turbio | O10: 0.9987 | P10: 22 | Q10: 0 | R10: 103.61 | S10: 49.87 | T10: 3146.4 | U10: 400.8 | V10: 705.3 | W10: 1 | X10: 6702 | Y10: 274.56 | Z10: 1025 | AA10: 0 | AB10: 11063.128 | AD10: 5.275 | AE10: 12255.06 | AF10: 1.4297 | AG10: 3903 | AH10: 212.78 | AK10: 136.79735 | AL10: 19.99992 | AM10: 58.003872 | AN10: 0.0358 | AO10: 188.9964 | AP10: 4.5000384 | AQ10: 21.3405 | AR10: 0
A11: {=IFERROR(_xlfn.XLOOKUP(1,(Hoja1!$B$5:$B$1097=B11)*(Hoja1!$E$5:$E$1097=_xlfn.MAXIFS(Hoja1!$E$5:$E$1097,Hoja1!$B$5:$B$1097,B11,Hoja1!$E$5:$E$1097,"<="&H11)),Hoja1!$C$5:$C$1097,""),"")} -> CONST_557_JSA | B11: =IF(LEFT(C11,1)="T","T-","C-")&TRIM(RIGHT(C11,LEN(C11)-SEARCH("-",C11))) -> C-557 | C11: Constituciones-557 | D11: 557 | E11: Sin Dato | F11: S/D | G11: S/D | H11: 38588 | I11: S/D | J11: 38593 | K11: 8 | L11: aceite | M11: verde claro | N11: lig. Turbio | O11: 0.9987 | P11: 22 | Q11: 0 | R11: 4.09 | S11: 29.92 | T11: 3805 | U11: 320.6 | V11: 656.6 | W11: 1 | X11: 6702 | Y11: 549.12 | Z11: 1800 | AA11: 0 | AB11: 11063.128 | AD11: 5.275 | AE11: 13834.32 | AF11: 1.4297 | AG11: 3503 | AH11: 425.57 | AK11: 165.43995 | AL11: 15.99794 | AM11: 53.998784 | AN11: 0.0358 | AO11: 188.9964 | AP11: 9.0000768 | AQ11: 37.476 | AR11: 0
A12: {=IFERROR(_xlfn.XLOOKUP(1,(Hoja1!$B$5:$B$1097=B12)*(Hoja1!$E$5:$E$1097=_xlfn.MAXIFS(Hoja1!$E$5:$E$1097,Hoja1!$B$5:$B$1097,B12,Hoja1!$E$5:$E$1097,"<="&H12)),Hoja1!$C$5:$C$1097,""),"")} | B12: =IF(LEFT(C12,1)="T","T-","C-")&TRIM(RIGHT(C12,LEN(C12)-SEARCH("-",C12))) -> C-1001 | C12: Constituciones-1001 | D12: 1001 | E12: Sin Dato | F12: S/D | G12: S/D | H12: 38588 | I12: S/D | J12: 38593 | K12: 7 | L12: fétido | M12: ´blancusco | N12: lig. Turbio | O12: 1.0013 | P12: 23 | Q12: 0 | R12: -30.33 | S12: 49.87 | T12: 6449.5 | U12: 320.6 | V12: 121.6 | W12: 12.75 | X12: 10455 | Y12: 480.48 | Z12: 200 | AA12: 0 | AB12: 17213.469 | AD12: 5.275 | AE12: 18039.93 | AF12: 18.228675 | AG12: 1301 | AH12: 372.37 | AK12: 280.41529 | AL12: 15.99794 | AM12: 10.000384 | AN12: 0.45645 | AO12: 294.831 | AP12: 7.8750672 | AQ12: 4.164 | AR12: 0
A13: {=IFERROR(_xlfn.XLOOKUP(1,(Hoja1!$B$5:$B$1097=B13)*(Hoja1!$E$5:$E$1097=_xlfn.MAXIFS(Hoja1!$E$5:$E$1097,Hoja1!$B$5:$B$1097,B13,Hoja1!$E$5:$E$1097,"<="&H13)),Hoja1!$C$5:$C$1097,""),"")} -> CONST_199_JSA | B13: =IF(LEFT(C13,1)="T","T-","C-")&TRIM(RIGHT(C13,LEN(C13)-SEARCH("-",C13))) -> C-199 | C13: Constituciones-199 | D13: 199 | E13: Sin Dato | F13: S/D | G13: S/D | H13: 38528 | I13: 0.52777778 | J13: 38532 | K13: 7 | L13: - | M13: 0 | N13: 0 | O13: 1.0156 | P13: 25 | Q13: 0 | R13: 69.19 | S13: 0 | T13: 4478.2 | U13: 681.4 | V13: 340.5 | W13: 33 | X13: 8808 | Y13: 549.12 | Z13: 25 | AA13: 0 | AB13: 14297.602 | AD13: 42.196 | AE13: 14915.22 | AF13: 47.1801 | AG13: 3102 | AH13: 425.57 | AK13: 194.7202 | AL13: 34.00186 | AM13: 28.00272 | AN13: 1.1814 | AO13: 248.3856 | AP13: 9.0000768 | AQ13: 0.5205 | AR13: 0
A14: {=IFERROR(_xlfn.XLOOKUP(1,(Hoja1!$B$5:$B$1097=B14)*(Hoja1!$E$5:$E$1097=_xlfn.MAXIFS(Hoja1!$E$5:$E$1097,Hoja1!$B$5:$B$1097,B14,Hoja1!$E$5:$E$1097,"<="&H14)),Hoja1!$C$5:$C$1097,""),"")} -> CONST_199_JSA | B14: =IF(LEFT(C14,1)="T","T-","C-")&TRIM(RIGHT(C14,LEN(C14)-SEARCH("-",C14))) -> C-199 | C14: Constituciones-199 | D14: 199 | E14: Sin Dato | F14: S/D | G14: S/D | H14: 38528 | I14: 0.5625 | J14: 38532 | K14: 7 | L14: - | M14: 0 | N14: 0 | O14: 0.9956 | P14: 25 | Q14: 0 | R14: 69.19 | S14: 89.76 | T14: 1796.1 | U14: 601.2 | V14: 121.6 | W14: 17.5 | X14: 3875 | Y14: 480.48 | Z14: 75 | AA14: 0 | AB14: 6416.4586 | AD14: 15.824 | AE14: 6966.88 | AF14: 25.01975 | AG14: 2002 | AH14: 372.37 | AK14: 78.084803 | AL14: 29.99988 | AM14: 10.000384 | AN14: 0.6265 | AO14: 109.275 | AP14: 7.8750672 | AQ14: 1.5615 | AR14: 0
A15: {=IFERROR(_xlfn.XLOOKUP(1,(Hoja1!$B$5:$B$1097=B15)*(Hoja1!$E$5:$E$1097=_xlfn.MAXIFS(Hoja1!$E$5:$E$1097,Hoja1!$B$5:$B$1097,B15,Hoja1!$E$5:$E$1097,"<="&H15)),Hoja1!$C$5:$C$1097,""),"")} -> CONST_201_JSA | B15: =IF(LEFT(C15,1)="T","T-","C-")&TRIM(RIGHT(C15,LEN(C15)-SEARCH("-",C15))) -> C-201 | C15: Constituciones-201 | D15: 201 | E15: Sin Dato | F15: S/D | G15: S/D | H15: 38529 | I15: S/D | J15: 38532 | K15: 7 | L15: - | M15: 0 | N15: 0 | O15: 1.0156 | P15: 25 | Q15: 0 | R15: 69.19 | S15: 84.77 | T15: 3409.5 | U15: 601.2 | V15: 279.7 | W15: 2.25 | X15: 6694 | Y15: 480.48 | Z15: 225 | AA15: 0 | AB15: 10866.047 | AD15: 15.824 | AE15: 11692.13 | AF15: 3.216825 | AG15: 2652 | AH15: 372.37 | AK15: 148.24741 | AL15: 29.99988 | AM15: 23.002528 | AN15: 0.08055 | AO15: 188.7708 | AP15: 7.8750672 | AQ15: 4.6845 | AR15: 0
A16: {=IFERROR(_xlfn.XLOOKUP(1,(Hoja1!$B$5:$B$1097=B16)*(Hoja1!$E$5:$E$1097=_xlfn.MAXIFS(Hoja1!$E$5:$E$1097,Hoja1!$B$5:$B$1097,B16,Hoja1!$E$5:$E$1097,"<="&H16)),Hoja1!$C$5:$C$1097,""),"")} -> CONST_201_JSA | B16: =IF(LEFT(C16,1)="T","T-","C-")&TRIM(RIGHT(C16,LEN(C16)-SEARCH("-",C16))) -> C-201 | C16: Constituciones-201 | D16: 201 | E16: Sin Dato | F16: S/D | G16: S/D | H16: 38529 | I16: S/D | J16: 38532 | K16: 7 | L16: - | M16: 0 | N16: 0 | O16: 0.9956 | P16: 25 | Q16: 0 | R16: 69.19 | S16: 79.79 | T16: 3055 | U16: 801.6 | V16: 218.9 | W16: 1 | X16: 6341 | Y16: 480.48 | Z16: 200 | AA16: 0 | AB16: 10499.81 | AD16: 10.549 | AE16: 11097.98 | AF16: 1.4297 | AG16: 2902 | AH16: 372.37 | AK16: 132.81729 | AL16: 39.99984 | AM16: 18.002336 | AN16: 0.0358 | AO16: 178.8162 | AP16: 7.8750672 | AQ16: 4.164 | AR16: 0
A17: {=IFERROR(_xlfn.XLOOKUP(1,(Hoja1!$B$5:$B$1097=B17)*(Hoja1!$E$5:$E$1097=_xlfn.MAXIFS(Hoja1!$E$5:$E$1097,Hoja1!$B$5:$B$1097,B17,Hoja1!$E$5:$E$1097,"<="&H17)),Hoja1!$C$5:$C$1097,""),"")} -> CONST_211_JSA | B17: =IF(LEFT(C17,1)="T","T-","C-")&TRIM(RIGHT(C17,LEN(C17)-SEARCH("-",C17))) -> C-211 | C17: Constituciones-211 | D17: 211 | E17: Sin Dato | F17: S/D | G17: S/D | H17: 38529 | I17: S/D | J17: 38532 | K17: 6 | L17: - | M17: 0 | N17: 0 | O17: 0.9956 | P17: 25 | Q17: 0 | R17: 34.76 | S17: 69.81 | T17: 3195.4 | U17: 641.3 | V17: 316.1 | W17: 20.75 | X17: 6694 | Y17: 480.48 | Z17: 50 | AA17: 0 | AB17: 11084.329 | AD17: 15.824 | AE17: 11398.03 | AF17: 29.666275 | AG17: 2902 | AH17: 372.37 | AK17: 138.94708 | AL17: 32.00087 | AM17: 25.996064 | AN17: 0.74285 | AO17: 188.7708 | AP17: 7.8750672 | AQ17: 1.041 | AR17: 0
A18: {=IFERROR(_xlfn.XLOOKUP(1,(Hoja1!$B$5:$B$1097=B18)*(Hoja1!$E$5:$E$1097=_xlfn.MAXIFS(Hoja1!$E$5:$E$1097,Hoja1!$B$5:$B$1097,B18,Hoja1!$E$5:$E$1097,"<="&H18)),Hoja1!$C$5:$C$1097,""),"")} -> CONST_211_JSA | B18: =IF(LEFT(C18,1)="T","T-","C-")&TRIM(RIGHT(C18,LEN(C18)-SEARCH("-",C18))) -> C-211 | C18: Constituciones-211 | D18: 211 | E18: Sin Dato | F18: S/D | G18: S/D | H18: 38529 | I18: S/D | J18: 38532 | K18: 7 | L18: - | M18: 0 | N18: 0 | O18: 1.0156 | P18: 25 | Q18: 0 | R18: 0.34 | S18: 84.77 | T18: 3786.2 | U18: 1002 | V18: 389.1 | W18: 38.75 | X18: 8455 | Y18: 549.12 | Z18: 27.5 | AA18: 0 | AB18: 13724.594 | AD18: 15.824 | AE18: 14247.67 | AF18: 55.400875 | AG18: 4103 | AH18: 425.57 | AK18: 164.61699 | AL18: 49.9998 | AM18: 31.999584 | AN18: 1.38725 | AO18: 238.431 | AP18: 9.0000768 | AQ18: 0.57255 | AR18: 0
A19: {=IFERROR(_xlfn.XLOOKUP(1,(Hoja1!$B$5:$B$1097=B19)*(Hoja1!$E$5:$E$1097=_xlfn.MAXIFS(Hoja1!$E$5:$E$1097,Hoja1!$B$5:$B$1097,B19,Hoja1!$E$5:$E$1097,"<="&H19)),Hoja1!$C$5:$C$1097,""),"")} -> CONST_221_JSA | B19: =IF(LEFT(C19,1)="T","T-","C-")&TRIM(RIGHT(C19,LEN(C19)-SEARCH("-",C19))) -> C-221 | C19: Constituciones-221 | D19: 221 | E19: Sin Dato | F19: S/D | G19: S/D | H19: 38528 | I19: 0.4375 | J19: 38532 | K19: 7 | L19: - | M19: 0 | N19: 0 | O19: 0.9956 | P19: 25 | Q19: 0 | R19: 69.19 | S19: 69.81 | T19: 3371.4 | U19: 801.6 | V19: 267.5 | W19: 4.25 | X19: 7046 | Y19: 549.12 | Z19: 50 | AA19: 0 | AB19: 11667.192 | AD19: 10.549 | AE19: 12089.87 | AF19: 6.076225 | AG19: 3102 | AH19: 425.57 | AK19: 146.58709 | AL19: 39.99984 | AM19: 21.9992 | AN19: 0.15215 | AO19: 198.6972 | AP19: 9.0000768 | AQ19: 1.041 | AR19: 0
A20: {=IFERROR(_xlfn.XLOOKUP(1,(Hoja1!$B$5:$B$1097=B20)*(Hoja1!$E$5:$E$1097=_xlfn.MAXIFS(Hoja1!$E$5:$E$1097,Hoja1!$B$5:$B$1097,B20,Hoja1!$E$5:$E$1097,"<="&H20)),Hoja1!$C$5:$C$1097,""),"")} -> CONST_221_JSA | B20: =IF(LEFT(C20,1)="T","T-","C-")&TRIM(RIGHT(C20,LEN(C20)-SEARCH("-",C20))) -> C-221 | C20: Constituciones-221 | D20: 221 | E20: Sin Dato | F20: S/D | G20: S/D | H20: 38528 | I20: 0.45486111 | J20: 38532 | K20: 7 | L20: - | M20: 0 | N20: 0 | O20: 1.0556 | P20: 25 | Q20: 0 | R20: 69.19 | S20: 59.84 | T20: 8638.1 | U20: 1723.5 | V20: 535 | W20: 1 | X20: 17263 | Y20: 480.48 | Z20: 525 | AA20: 0 | AB20: 26960.346 | AD20: 10.549 | AE20: 29166.08 | AF20: 1.4297 | AG20: 6505 | AH20: 372.37 | AK20: 375.58532 | AL20: 86.00265 | AM20: 43.9984 | AN20: 0.0358 | AO20: 486.8166 | AP20: 7.8750672 | AQ20: 10.9305 | AR20: 0
A21: {=IFERROR(_xlfn.XLOOKUP(1,(Hoja1!$B$5:$B$1097=B21)*(Hoja1!$E$5:$E$1097=_xlfn.MAXIFS(Hoja1!$E$5:$E$1097,Hoja1!$B$5:$B$1097,B21,Hoja1!$E$5:$E$1097,"<="&H21)),Hoja1!$C$5:$C$1097,""),"")} -> CONST_203_JSA | B21: =IF(LEFT(C21,1)="T","T-","C-")&TRIM(RIGHT(C21,LEN(C21)-SEARCH("-",C21))) -> C-203 | C21: Constituciones-203 | D21: 203 | E21: Sin Dato | F21: S/D | G21: S/D | H21: 38630 | I21: S/D | J21: 38664 | K21: 9 | L21: Aceitoso | M21: lig. Café | N21: claro | O21: 1.0115 | P21: 22.5 | Q21: 0 | R21: 0 | S21: 19.95 | T21: 4995.4 | U21: 1242.5 | V21: 462.1 | W21: 0.5 | X21: 10541 | Y21: 360.59 | Z21: 675 | AA21: 0 | AB21: 17180.053 | AD21: 5.275 | AE21: 18277.09 | AF21: 0.71485 | AG21: 5004 | AH21: 319.17 | AK21: 217.19802 | AL21: 62.00075 | AM21: 38.003104 | AN21: 0.0179 | AO21: 297.2562 | AP21: 5.9100701 | AQ21: 14.0535 | AR21: 0
A22: {=IFERROR(_xlfn.XLOOKUP(1,(Hoja1!$B$5:$B$1097=B22)*(Hoja1!$E$5:$E$1097=_xlfn.MAXIFS(Hoja1!$E$5:$E$1097,Hoja1!$B$5:$B$1097,B22,Hoja1!$E$5:$E$1097,"<="&H22)),Hoja1!$C$5:$C$1097,""),"")} -> CONST_208_JSA | B22: =IF(LEFT(C22,1)="T","T-","C-")&TRIM(RIGHT(C22,LEN(C22)-SEARCH("-",C22))) -> C-208 | C22: Constituciones-208 | D22: 208 | E22: Sin Dato | F22: S/D | G22: S/D | H22: 38630 | I22: S/D | J22: 38664 | K22: 9 | L22: aceitoso | M22: café claro | N22: Turbio | O22: 1.0056 | P22: 25 | Q22: 0 | R22: 0 | S22: 0 | T22: 6683.7 | U22: 2064.2 | V22: 571.5 | W22: 0.25 | X22: 14861 | Y22: 901.46 | Z22: 325 | AA22: 0 | AB22: 24363.033 | AD22: 0 | AE22: 25407.11 | AF22: 0.357425 | AG22: 7506 | AH22: 797.94 | AK22: 290.60894 | AL22: 103.00358 | AM22: 47.00016 | AN22: 0.00895 | AO22: 419.0802 | AP22: 14.774929 | AQ22: 6.7665 | AR22: 0
A23: {=IFERROR(_xlfn.XLOOKUP(1,(Hoja1!$B$5:$B$1097=B23)*(Hoja1!$E$5:$E$1097=_xlfn.MAXIFS(Hoja1!$E$5:$E$1097,Hoja1!$B$5:$B$1097,B23,Hoja1!$E$5:$E$1097,"<="&H23)),Hoja1!$C$5:$C$1097,""),"")} -> CONST_222_KTIA | B23: =IF(LEFT(C23,1)="T","T-","C-")&TRIM(RIGHT(C23,LEN(C23)-SEARCH("-",C23))) -> C-222 | C23: Constituciones-222 | D23: 222 | E23: Sin Dato | F23: S/D | G23: S/D | H23: 45935 | I23: S/D | J23: 38664 | K23: 9 | L23: fétido | M23: ´transparent | N23: claro | O23: 1.016 | P23: 24 | Q23: 0 | R23: 0 | S23: 0 | T23: 9876.2 | U23: 2825.7 | V23: 814.7 | W23: 0.5 | X23: 21773 | Y23: 540.88 | Z23: 700 | AA23: 0 | AB23: 35329.146 | AD23: 0 | AE23: 36530.98 | AF23: 0.71485 | AG23: 10408 | AH23: 478.76 | AK23: 429.41637 | AL23: 141.00243 | AM23: 67.000928 | AN23: 0.0179 | AO23: 613.9986 | AP23: 8.8650232 | AQ23: 14.574 | AR23: 0
A24: {=IFERROR(_xlfn.XLOOKUP(1,(Hoja1!$B$5:$B$1097=B24)*(Hoja1!$E$5:$E$1097=_xlfn.MAXIFS(Hoja1!$E$5:$E$1097,Hoja1!$B$5:$B$1097,B24,Hoja1!$E$5:$E$1097,"<="&H24)),Hoja1!$C$5:$C$1097,""),"")} -> CONST_223_JSA | B24: =IF(LEFT(C24,1)="T","T-","C-")&TRIM(RIGHT(C24,LEN(C24)-SEARCH("-",C24))) -> C-223 | C24: Constituciones-223 | D24: 223 | E24: Sin Dato | F24: S/D | G24: S/D | H24: 38630 | I24: S/D | J24: 38664 | K24: 9 | L24: Aceitoso | M24: incoloro | N24: claro | O24: 1.0259 | P24: 24 | Q24: 0 | R24: 0 | S24: 69.81 | T24: 11521.2 | U24: 2444.9 | V24: 1045.7 | W24: 1 | X24: 23674 | Y24: 841.37 | Z24: 1325 | AA24: 0 | AB24: 38043.038 | AD24: 5.275 | AE24: 40853.17 | AF24: 1.4297 | AG24: 10408 | AH24: 744.74 | AK24: 500.94868 | AL24: 122.00051 | AM24: 85.998368 | AN24: 0.0358 | AO24: 667.6068 | AP24: 13.790054 | AQ24: 27.5865 | AR24: 0
A25: {=IFERROR(_xlfn.XLOOKUP(1,(Hoja1!$B$5:$B$1097=B25)*(Hoja1!$E$5:$E$1097=_xlfn.MAXIFS(Hoja1!$E$5:$E$1097,Hoja1!$B$5:$B$1097,B25,Hoja1!$E$5:$E$1097,"<="&H25)),Hoja1!$C$5:$C$1097,""),"")} -> CONST_234D_KTIA | B25: =IF(LEFT(C25,1)="T","T-","C-")&TRIM(RIGHT(C25,LEN(C25)-SEARCH("-",C25))) -> C-234D | C25: Constituciones-234D | D25: 234D | E25: Sin Dato | F25: S/D | G25: S/D | H25: 38630 | I25: S/D | J25: 38664 | K25: 9 | L25: Aceitoso | M25: verdoso | N25: Turbio | O25: 1.001 | P25: 24 | Q25: 0 | R25: -63.18 | S25: 64.83 | T25: 7176.4 | U25: 481 | V25: 194.6 | W25: 0.5 | X25: 11750 | Y25: 1262.05 | Z25: 0 | AA25: 0 | AB25: 19351.399 | AD25: 10.549 | AE25: 20864.55 | AF25: 0.71485 | AG25: 2002 | AH25: 1117.11 | AK25: 312.0113 | AL25: 24.0019 | AM25: 16.003904 | AN25: 0.0179 | AO25: 331.35 | AP25: 20.684999 | AQ25: 0 | AR25: 0
A26: {=IFERROR(_xlfn.XLOOKUP(1,(Hoja1!$B$5:$B$1097=B26)*(Hoja1!$E$5:$E$1097=_xlfn.MAXIFS(Hoja1!$E$5:$E$1097,Hoja1!$B$5:$B$1097,B26,Hoja1!$E$5:$E$1097,"<="&H26)),Hoja1!$C$5:$C$1097,""),"")} -> CONST_559_JSA | B26: =IF(LEFT(C26,1)="T","T-","C-")&TRIM(RIGHT(C26,LEN(C26)-SEARCH("-",C26))) -> C-559 | C26: Constituciones-559 | D26: 559 | E26: Sin Dato | F26: S/D | G26: S/D | H26: 38630 | I26: S/D | J26: 38664 | K26: 9 | L26: inodoro | M26: blanco | N26: lig. Turbio | O26: 1.0326 | P26: 25 | Q26: 0 | R26: 0 | S26: 89.76 | T26: 15299.5 | U26: 6613.3 | V26: 1313.2 | W26: 0.25 | X26: 38362 | Y26: 640.63 | Z26: 525 | AA26: 0 | AB26: 61245.995 | AD26: 5.275 | AE26: 62753.88 | AF26: 0.357425 | AG26: 21917 | AH26: 531.96 | AK26: 665.22864 | AL26: 330.00367 | AM26: 107.99757 | AN26: 0.00895 | AO26: 1081.8084 | AP26: 10.499926 | AQ26: 10.9305 | AR26: 0
A27: {=IFERROR(_xlfn.XLOOKUP(1,(Hoja1!$B$5:$B$1097=B27)*(Hoja1!$E$5:$E$1097=_xlfn.MAXIFS(Hoja1!$E$5:$E$1097,Hoja1!$B$5:$B$1097,B27,Hoja1!$E$5:$E$1097,"<="&H27)),Hoja1!$C$5:$C$1097,""),"")} -> CONST_572_KTIA | B27: =IF(LEFT(C27,1)="T","T-","C-")&TRIM(RIGHT(C27,LEN(C27)-SEARCH("-",C27))) -> C-572 | C27: Constituciones-572 | D27: 572 | E27: Sin Dato | F27: S/D | G27: S/D | H27: 38630 | I27: S/D | J27: 38664 | K27: 9 | L27: Aceitoso | M27: verdoso | N27: claro | O27: 1.0106 | P27: 25 | Q27: 0 | R27: 0 | S27: 264.29 | T27: 10984.7 | U27: 1082.2 | V27: 267.5 | W27: 5.75 | X27: 19008 | Y27: 672.67 | Z27: 325 | AA27: 0 | AB27: 31007.425 | AD27: 10.549 | AE27: 32345.82 | AF27: 8.220775 | AG27: 3803 | AH27: 558.56 | AK27: 477.61033 | AL27: 54.00178 | AM27: 21.9992 | AN27: 0.20585 | AO27: 536.0256 | AP27: 11.025061 | AQ27: 6.7665 | AR27: 0
A28: {=IFERROR(_xlfn.XLOOKUP(1,(Hoja1!$B$5:$B$1097=B28)*(Hoja1!$E$5:$E$1097=_xlfn.MAXIFS(Hoja1!$E$5:$E$1097,Hoja1!$B$5:$B$1097,B28,Hoja1!$E$5:$E$1097,"<="&H28)),Hoja1!$C$5:$C$1097,""),"")} -> CONST_589_JSA | B28: =IF(LEFT(C28,1)="T","T-","C-")&TRIM(RIGHT(C28,LEN(C28)-SEARCH("-",C28))) -> C-589 | C28: Constituciones-589 | D28: 589 | E28: Sin Dato | F28: S/D | G28: S/D | H28: 38625 | I28: S/D | J28: 38646 | K28: 8 | L28: fétido | M28: incoloro | N28: transparen | O28: 1.006 | P28: 24 | Q28: 0 | R28: 0 | S28: 39.89 | T28: 3784.8 | U28: 761.5 | V28: 291.8 | W28: 1 | X28: 7585 | Y28: 490.05 | Z28: 225 | AA28: 0 | AB28: 12429.858 | AD28: 10.549 | AE28: 13139.15 | AF28: 1.4297 | AG28: 3102 | AH28: 425.57 | AK28: 164.58114 | AL28: 37.99885 | AM28: 23.997632 | AN28: 0.0358 | AO28: 213.897 | AP28: 8.0319195 | AQ28: 4.6845 | AR28: 0
A29: {=IFERROR(_xlfn.XLOOKUP(1,(Hoja1!$B$5:$B$1097=B29)*(Hoja1!$E$5:$E$1097=_xlfn.MAXIFS(Hoja1!$E$5:$E$1097,Hoja1!$B$5:$B$1097,B29,Hoja1!$E$5:$E$1097,"<="&H29)),Hoja1!$C$5:$C$1097,""),"")} -> CONST_139_JSA | B29: =IF(LEFT(C29,1)="T","T-","C-")&TRIM(RIGHT(C29,LEN(C29)-SEARCH("-",C29))) -> C-139 | C29: Constituciones-139 | D29: 139 | E29: Sin Dato | F29: S/D | G29: S/D | H29: 38625 | I29: S/D | J29: 38655 | K29: 9 | L29: Aceitoso | M29: transparent | N29: Turbio | O29: 1.0119 | P29: 21.5 | Q29: 0 | R29: 34.76 | S29: 119.68 | T29: 7109.8 | U29: 2164.4 | V29: 389.1 | W29: 3.5 | X29: 15169 | Y29: 612.57 | Z29: 550 | AA29: 0 | AB29: 24713.14 | AD29: 10.549 | AE29: 25998.37 | AF29: 5.00395 | AG29: 7005 | AH29: 531.96 | AK29: 309.12838 | AL29: 108.00356 | AM29: 31.999584 | AN29: 0.1253 | AO29: 427.7658 | AP29: 10.040022 | AQ29: 11.451 | AR29: 0
A30: {=IFERROR(_xlfn.XLOOKUP(1,(Hoja1!$B$5:$B$1097=B30)*(Hoja1!$E$5:$E$1097=_xlfn.MAXIFS(Hoja1!$E$5:$E$1097,Hoja1!$B$5:$B$1097,B30,Hoja1!$E$5:$E$1097,"<="&H30)),Hoja1!$C$5:$C$1097,""),"")} -> CONST_174_KTIA | B30: =IF(LEFT(C30,1)="T","T-","C-")&TRIM(RIGHT(C30,LEN(C30)-SEARCH("-",C30))) -> C-174 | C30: Constituciones-174 | D30: 174 | E30: Sin Dato | F30: S/D | G30: S/D | H30: 38629 | I30: S/D | J30: 38646 | K30: 7 | L30: Aceitoso | M30: blanco | N30: Turbio | O30: 1.0056 | P30: 25 | Q30: 0 | R30: 0.34 | S30: 9.97 | T30: 4203.5 | U30: 921.9 | V30: 194.6 | W30: 4.5 | X30: 8274 | Y30: 612.57 | Z30: 75 | AA30: 0 | AB30: 13564.345 | AD30: 10.549 | AE30: 14286.07 | AF30: 6.43365 | AG30: 3102 | AH30: 531.96 | AK30: 182.76051 | AL30: 46.00281 | AM30: 16.003904 | AN30: 0.1611 | AO30: 233.3268 | AP30: 10.040022 | AQ30: 1.5615 | AR30: 0
A31: {=IFERROR(_xlfn.XLOOKUP(1,(Hoja1!$B$5:$B$1097=B31)*(Hoja1!$E$5:$E$1097=_xlfn.MAXIFS(Hoja1!$E$5:$E$1097,Hoja1!$B$5:$B$1097,B31,Hoja1!$E$5:$E$1097,"<="&H31)),Hoja1!$C$5:$C$1097,""),"")} -> CONST_174_KTIA | B31: =IF(LEFT(C31,1)="T","T-","C-")&TRIM(RIGHT(C31,LEN(C31)-SEARCH("-",C31))) -> C-174 | C31: Constituciones-174 | D31: 174 | E31: Sin Dato | F31: S/D | G31: S/D | H31: 38629 | I31: S/D | J31: 38656 | K31: 7 | L31: inodoro | M31: café claro | N31: Turbio | O31: 0.9958 | P31: 24.6 | Q31: 0 | R31: 0 | S31: 119.68 | T31: 4301.1 | U31: 921.9 | V31: 170.2 | W31: 7.75 | X31: 8383 | Y31: 600.98 | Z31: 50 | AA31: 0 | AB31: 13878.289 | AD31: 21.098 | AE31: 14434.93 | AF31: 11.080175 | AG31: 3002 | AH31: 531.96 | AK31: 187.01415 | AL31: 46.00281 | AM31: 13.997248 | AN31: 0.27745 | AO31: 236.4006 | AP31: 9.8500622 | AQ31: 1.041 | AR31: 0
A32: {=IFERROR(_xlfn.XLOOKUP(1,(Hoja1!$B$5:$B$1097=B32)*(Hoja1!$E$5:$E$1097=_xlfn.MAXIFS(Hoja1!$E$5:$E$1097,Hoja1!$B$5:$B$1097,B32,Hoja1!$E$5:$E$1097,"<="&H32)),Hoja1!$C$5:$C$1097,""),"")} | B32: =IF(LEFT(C32,1)="T","T-","C-")&TRIM(RIGHT(C32,LEN(C32)-SEARCH("-",C32))) -> C-195T | C32: Constituciones-195T | D32: 195T | E32: Sin Dato | F32: S/D | G32: S/D | H32: 38629 | I32: S/D | J32: 38656 | K32: 7 | L32: - | M32: verde claro | N32: transparen | O32: 0.9958 | P32: 24.6 | Q32: 0 | R32: 0 | S32: 29.92 | T32: 1285.7 | U32: 240.5 | V32: 73 | W32: 0.75 | X32: 2445 | Y32: 240.39 | Z32: 50 | AA32: 0 | AB32: 4047.7652 | AD32: 10.549 | AE32: 4335.34 | AF32: 1.072275 | AG32: 901 | AH32: 212.78 | AK32: 55.898672 | AL32: 12.00095 | AM32: 6.00352 | AN32: 0.02685 | AO32: 68.949 | AP32: 3.9399921 | AQ32: 1.041 | AR32: 0
A33: {=IFERROR(_xlfn.XLOOKUP(1,(Hoja1!$B$5:$B$1097=B33)*(Hoja1!$E$5:$E$1097=_xlfn.MAXIFS(Hoja1!$E$5:$E$1097,Hoja1!$B$5:$B$1097,B33,Hoja1!$E$5:$E$1097,"<="&H33)),Hoja1!$C$5:$C$1097,""),"")} | B33: =IF(LEFT(C33,1)="T","T-","C-")&TRIM(RIGHT(C33,LEN(C33)-SEARCH("-",C33))) -> C-195T | C33: Constituciones-195T | D33: 195T | E33: Sin Dato | F33: S/D | G33: S/D | H33: 38629 | I33: S/D | J33: 38646 | K33: 7 | L33: Aceitoso | M33: café | N33: Turbio | O33: 1.0056 | P33: 25 | Q33: 0 | R33: 0.34 | S33: 59.84 | T33: 3005.2 | U33: 601.2 | V33: 145.9 | W33: 7.5 | X33: 5861 | Y33: 245.03 | Z33: 175 | AA33: 0 | AB33: 9608.4876 | AD33: 5.275 | AE33: 10040.83 | AF33: 10.72275 | AG33: 2102 | AH33: 212.78 | AK33: 130.67255 | AL33: 29.99988 | AM33: 11.998816 | AN33: 0.2685 | AO33: 165.2802 | AP33: 4.0160417 | AQ33: 3.6435 | AR33: 0
A34: {=IFERROR(_xlfn.XLOOKUP(1,(Hoja1!$B$5:$B$1097=B34)*(Hoja1!$E$5:$E$1097=_xlfn.MAXIFS(Hoja1!$E$5:$E$1097,Hoja1!$B$5:$B$1097,B34,Hoja1!$E$5:$E$1097,"<="&H34)),Hoja1!$C$5:$C$1097,""),"")} -> CONST_199_JSA | B34: =IF(LEFT(C34,1)="T","T-","C-")&TRIM(RIGHT(C34,LEN(C34)-SEARCH("-",C34))) -> C-199 | C34: Constituciones-199 | D34: 199 | E34: Sin Dato | F34: S/D | G34: S/D | H34: 38629 | I34: S/D | J34: 38646 | K34: 9 | L34: fétido | M34: incoloro | N34: transparen | O34: 1.0063 | P34: 23 | Q34: 0 | R34: 0.34 | S34: 59.84 | T34: 5511.4 | U34: 1202.4 | V34: 267.5 | W34: 0.75 | X34: 11032 | Y34: 612.57 | Z34: 25 | AA34: 0 | AB34: 18073.213 | AD34: 5.275 | AE34: 18651.62 | AF34: 1.072275 | AG34: 4103 | AH34: 531.96 | AK34: 239.63711 | AL34: 59.99976 | AM34: 21.9992 | AN34: 0.02685 | AO34: 311.1024 | AP34: 10.040022 | AQ34: 0.5205 | AR34: 0
A35: {=IFERROR(_xlfn.XLOOKUP(1,(Hoja1!$B$5:$B$1097=B35)*(Hoja1!$E$5:$E$1097=_xlfn.MAXIFS(Hoja1!$E$5:$E$1097,Hoja1!$B$5:$B$1097,B35,Hoja1!$E$5:$E$1097,"<="&H35)),Hoja1!$C$5:$C$1097,""),"")} -> CONST_199_JSA | B35: =IF(LEFT(C35,1)="T","T-","C-")&TRIM(RIGHT(C35,LEN(C35)-SEARCH("-",C35))) -> C-199 | C35: Constituciones-199 | D35: 199 | E35: Sin Dato | F35: S/D | G35: S/D | H35: 38629 | I35: S/D | J35: 38656 | K35: 6 | L35: a tierra | M35: café claro | N35: Turbio | O35: 0.9958 | P35: 24.6 | Q35: 0 | R35: 0 | S35: 19.95 | T35: 1414.8 | U35: 280.6 | V35: 24.3 | W35: 3.25 | X35: 2445 | Y35: 180.29 | Z35: 275 | AA35: 0 | AB35: 4047.7652 | AD35: 10.549 | AE35: 4623.24 | AF35: 4.646525 | AG35: 801 | AH35: 159.59 | AK35: 61.512731 | AL35: 14.00194 | AM35: 1.998432 | AN35: 0.11635 | AO35: 68.949 | AP35: 2.9549531 | AQ35: 5.7255 | AR35: 0
A36: {=IFERROR(_xlfn.XLOOKUP(1,(Hoja1!$B$5:$B$1097=B36)*(Hoja1!$E$5:$E$1097=_xlfn.MAXIFS(Hoja1!$E$5:$E$1097,Hoja1!$B$5:$B$1097,B36,Hoja1!$E$5:$E$1097,"<="&H36)),Hoja1!$C$5:$C$1097,""),"")} -> CONST_200_JSA | B36: =IF(LEFT(C36,1)="T","T-","C-")&TRIM(RIGHT(C36,LEN(C36)-SEARCH("-",C36))) -> C-200 | C36: Constituciones-200 | D36: 200 | E36: Sin Dato | F36: S/D | G36: S/D | H36: 38625 | I36: S/D | J36: 38645 | K36: 9 | L36: Aceitoso | M36: café claro | N36: Turbio | O36: 1.0019 | P36: 21.5 | Q36: 0 | R36: 103.61 | S36: 29.92 | T36: 4431.3 | U36: 961.9 | V36: 145.9 | W36: 1.75 | X36: 8274 | Y36: 612.57 | Z36: 450 | AA36: 0 | AB36: 13614.438 | AD36: 5.275 | AE36: 14877.42 | AF36: 2.501975 | AG36: 3002 | AH36: 531.96 | AK36: 192.67555 | AL36: 47.99881 | AM36: 11.998816 | AN36: 0.06265 | AO36: 233.3268 | AP36: 10.040022 | AQ36: 9.369 | AR36: 0
A37: {=IFERROR(_xlfn.XLOOKUP(1,(Hoja1!$B$5:$B$1097=B37)*(Hoja1!$E$5:$E$1097=_xlfn.MAXIFS(Hoja1!$E$5:$E$1097,Hoja1!$B$5:$B$1097,B37,Hoja1!$E$5:$E$1097,"<="&H37)),Hoja1!$C$5:$C$1097,""),"")} -> CONST_202_JSA | B37: =IF(LEFT(C37,1)="T","T-","C-")&TRIM(RIGHT(C37,LEN(C37)-SEARCH("-",C37))) -> C-202 | C37: Constituciones-202 | D37: 202 | E37: Sin Dato | F37: S/D | G37: S/D | H37: 38625 | I37: S/D | J37: 38646 | K37: 9 | L37: Aceitoso | M37: blanco | N37: Turbio | O37: 1.0202 | P37: 26 | Q37: 0 | R37: 0.34 | S37: 29.92 | T37: 9015.2 | U37: 1442.9 | V37: 656.6 | W37: 0.5 | X37: 17238 | Y37: 612.57 | Z37: 1050 | AA37: 0 | AB37: 27855.447 | AD37: 0 | AE37: 30015.77 | AF37: 0.71485 | AG37: 6305 | AH37: 531.96 | AK37: 391.99523 | AL37: 72.00071 | AM37: 53.998784 | AN37: 0.0179 | AO37: 486.1116 | AP37: 10.040022 | AQ37: 21.861 | AR37: 0
A38: {=IFERROR(_xlfn.XLOOKUP(1,(Hoja1!$B$5:$B$1097=B38)*(Hoja1!$E$5:$E$1097=_xlfn.MAXIFS(Hoja1!$E$5:$E$1097,Hoja1!$B$5:$B$1097,B38,Hoja1!$E$5:$E$1097,"<="&H38)),Hoja1!$C$5:$C$1097,""),"")} -> CONST_203_JSA | B38: =IF(LEFT(C38,1)="T","T-","C-")&TRIM(RIGHT(C38,LEN(C38)-SEARCH("-",C38))) -> C-203 | C38: Constituciones-203 | D38: 203 | E38: Sin Dato | F38: S/D | G38: S/D | H38: 38625 | I38: S/D | J38: 38645 | K38: 9 | L38: fétido | M38: café claro | N38: Turbio | O38: 1.0019 | P38: 21.5 | Q38: 0 | R38: 103.61 | S38: 29.92 | T38: 4049.6 | U38: 1122.3 | V38: 413.4 | W38: 0.75 | X38: 8619 | Y38: 612.57 | Z38: 625 | AA38: 0 | AB38: 14182.118 | AD38: 5.275 | AE38: 15442.62 | AF38: 1.072275 | AG38: 4503 | AH38: 531.96 | AK38: 176.08069 | AL38: 56.00277 | AM38: 33.998016 | AN38: 0.02685 | AO38: 243.0558 | AP38: 10.040022 | AQ38: 13.0125 | AR38: 0
A39: {=IFERROR(_xlfn.XLOOKUP(1,(Hoja1!$B$5:$B$1097=B39)*(Hoja1!$E$5:$E$1097=_xlfn.MAXIFS(Hoja1!$E$5:$E$1097,Hoja1!$B$5:$B$1097,B39,Hoja1!$E$5:$E$1097,"<="&H39)),Hoja1!$C$5:$C$1097,""),"")} -> CONST_209D_KTIA | B39: =IF(LEFT(C39,1)="T","T-","C-")&TRIM(RIGHT(C39,LEN(C39)-SEARCH("-",C39))) -> C-209D | C39: Constituciones-209D | D39: 209D | E39: Sin Dato | F39: S/D | G39: S/D | H39: 38625 | I39: S/D | J39: 38645 | K39: 9 | L39: inodoro | M39: transparent | N39: lig turbio | O39: 1.0218 | P39: 21.5 | Q39: 0 | R39: 34.76 | S39: 0 | T39: 15403.6 | U39: 961.9 | V39: 437.7 | W39: 0.5 | X39: 258.56 | Y39: 1286.39 | Z39: 25 | AA39: 90.36 | AB39: 417.1613 | AD39: 0 | AE39: 18464.01 | AF39: 0.71485 | AG39: 4203 | AH39: 1117.11 | AK39: -52.105635 | AL39: 47.99881 | AM39: 35.996448 | AN39: 0.0179 | AO39: 7.291392 | AP39: 21.083932 | AQ39: 0.5205 | AR39: 3.0116988
A40: {=IFERROR(_xlfn.XLOOKUP(1,(Hoja1!$B$5:$B$1097=B40)*(Hoja1!$E$5:$E$1097=_xlfn.MAXIFS(Hoja1!$E$5:$E$1097,Hoja1!$B$5:$B$1097,B40,Hoja1!$E$5:$E$1097,"<="&H40)),Hoja1!$C$5:$C$1097,""),"")} -> CONST_221_JSA | B40: =IF(LEFT(C40,1)="T","T-","C-")&TRIM(RIGHT(C40,LEN(C40)-SEARCH("-",C40))) -> C-221 | C40: Constituciones-221 | D40: 221 | E40: Sin Dato | F40: S/D | G40: S/D | H40: 38629 | I40: S/D | J40: 38646 | K40: 9 | L40: aceitoso | M40: café verdoso | N40: turbio | O40: 1.0023 | P40: 23 | Q40: 0 | R40: 0.34 | S40: 29.92 | T40: 6182.2 | U40: 1162.3 | V40: 291.08 | W40: 0.75 | X40: 12066 | Y40: 612.57 | Z40: 25 | AA40: 0 | AB40: 19846.054 | AD40: 5.275 | AE40: 20339.9 | AF40: 1.072275 | AG40: 4103 | AH40: 531.96 | AK40: 268.85768 | AL40: 57.99877 | AM40: 23.938419 | AN40: 0.02685 | AO40: 340.2612 | AP40: 10.040022 | AQ40: 0.5205 | AR40: 0
A41: {=IFERROR(_xlfn.XLOOKUP(1,(Hoja1!$B$5:$B$1097=B41)*(Hoja1!$E$5:$E$1097=_xlfn.MAXIFS(Hoja1!$E$5:$E$1097,Hoja1!$B$5:$B$1097,B41,Hoja1!$E$5:$E$1097,"<="&H41)),Hoja1!$C$5:$C$1097,""),"")} -> CONST_222_JSA | B41: =IF(LEFT(C41,1)="T","T-","C-")&TRIM(RIGHT(C41,LEN(C41)-SEARCH("-",C41))) -> C-222 | C41: Constituciones-222 | D41: 222 | E41: Sin Dato | F41: S/D | G41: S/D | H41: 38625 | I41: S/D | J41: 38645 | K41: 9 | L41: Aceitoso | M41: transparent | N41: Turbio | O41: 1.0169 | P41: 21.5 | Q41: 0 | R41: 206.88 | S41: 199.47 | T41: 12124.6 | U41: 2725.5 | V41: 608 | W41: 0.25 | X41: 24133 | Y41: 1102.62 | Z41: 700 | AA41: 0 | AB41: 39123.855 | AD41: 5.275 | AE41: 41393.97 | AF41: 0.357425 | AG41: 9307 | AH41: 957.52 | AK41: 527.18322 | AL41: 136.00245 | AM41: 50.00192 | AN41: 0.00895 | AO41: 680.5506 | AP41: 18.071942 | AQ41: 14.574 | AR41: 0
A42: {=IFERROR(_xlfn.XLOOKUP(1,(Hoja1!$B$5:$B$1097=B42)*(Hoja1!$E$5:$E$1097=_xlfn.MAXIFS(Hoja1!$E$5:$E$1097,Hoja1!$B$5:$B$1097,B42,Hoja1!$E$5:$E$1097,"<="&H42)),Hoja1!$C$5:$C$1097,""),"")} -> CONST_234D_KTIA | B42: =IF(LEFT(C42,1)="T","T-","C-")&TRIM(RIGHT(C42,LEN(C42)-SEARCH("-",C42))) -> C-234D | C42: Constituciones-234D | D42: 234D | E42: Sin Dato | F42: S/D | G42: S/D | H42: 38625 | I42: S/D | J42: 38646 | K42: 8 | L42: Aceitoso | M42: café claro | N42: semi-turbio | O42: 1.011 | P42: 24 | Q42: 0 | R42: 0.34 | S42: 49.87 | T42: 6029.5 | U42: 320.6 | V42: 340.5 | W42: 2 | X42: 10343 | Y42: 857.6 | Z42: 25 | AA42: 0 | AB42: 16865.683 | AD42: 10.549 | AE42: 17918.2 | AF42: 2.8594 | AG42: 2202 | AH42: 744.74 | AK42: 262.1769 | AL42: 15.99794 | AM42: 28.00272 | AN42: 0.0716 | AO42: 291.6726 | AP42: 14.056064 | AQ42: 0.5205 | AR42: 0
A43: {=IFERROR(_xlfn.XLOOKUP(1,(Hoja1!$B$5:$B$1097=B43)*(Hoja1!$E$5:$E$1097=_xlfn.MAXIFS(Hoja1!$E$5:$E$1097,Hoja1!$B$5:$B$1097,B43,Hoja1!$E$5:$E$1097,"<="&H43)),Hoja1!$C$5:$C$1097,""),"")} -> CONST_525A_JSA | B43: =IF(LEFT(C43,1)="T","T-","C-")&TRIM(RIGHT(C43,LEN(C43)-SEARCH("-",C43))) -> C-525A | C43: Constituciones-525A | D43: 525A | E43: Sin Dato | F43: S/D | G43: S/D | H43: 38629 | I43: S/D | J43: 38646 | K43: 7 | L43: Aceitoso | M43: incoloro | N43: claro | O43: 0.9963 | P43: 23 | Q43: 0 | R43: 0.34 | S43: 29.92 | T43: 5601.6 | U43: 881.8 | V43: 316.1 | W43: 0.5 | X43: 10687 | Y43: 490.05 | Z43: 200 | AA43: 0 | AB43: 17683.745 | AD43: 5.275 | AE43: 18177.05 | AF43: 0.71485 | AG43: 3503 | AH43: 425.57 | AK43: 243.55354 | AL43: 44.00182 | AM43: 25.996064 | AN43: 0.0179 | AO43: 301.3734 | AP43: 8.0319195 | AQ43: 4.164 | AR43: 0
A44: {=IFERROR(_xlfn.XLOOKUP(1,(Hoja1!$B$5:$B$1097=B44)*(Hoja1!$E$5:$E$1097=_xlfn.MAXIFS(Hoja1!$E$5:$E$1097,Hoja1!$B$5:$B$1097,B44,Hoja1!$E$5:$E$1097,"<="&H44)),Hoja1!$C$5:$C$1097,""),"")} -> CONST_525A_JSA | B44: =IF(LEFT(C44,1)="T","T-","C-")&TRIM(RIGHT(C44,LEN(C44)-SEARCH("-",C44))) -> C-525A | C44: Constituciones-525A | D44: 525A | E44: Sin Dato | F44: S/D | G44: S/D | H44: 38629 | I44: S/D | J44: 38660 | K44: 7 | L44: Aceitoso | M44: amarillento | N44: Turbio | O44: 0.996 | P44: 24 | Q44: 0 | R44: 0 | S44: 122.67 | T44: 813 | U44: 240.5 | V44: 218.9 | W44: 3.75 | X44: 2074 | Y44: 300.49 | Z44: 100 | AA44: 0 | AB44: 3432.875 | AD44: 15.824 | AE44: 3750.64 | AF44: 5.361375 | AG44: 1501 | AH44: 265.98 | AK44: 35.356295 | AL44: 12.00095 | AM44: 18.002336 | AN44: 0.13425 | AO44: 58.4868 | AP44: 4.9250311 | AQ44: 2.082 | AR44: 0
A45: {=IFERROR(_xlfn.XLOOKUP(1,(Hoja1!$B$5:$B$1097=B45)*(Hoja1!$E$5:$E$1097=_xlfn.MAXIFS(Hoja1!$E$5:$E$1097,Hoja1!$B$5:$B$1097,B45,Hoja1!$E$5:$E$1097,"<="&H45)),Hoja1!$C$5:$C$1097,""),"")} -> CONST_528_JSA | B45: =IF(LEFT(C45,1)="T","T-","C-")&TRIM(RIGHT(C45,LEN(C45)-SEARCH("-",C45))) -> C-528 | C45: Constituciones-528 | D45: 528 | E45: Sin Dato | F45: S/D | G45: S/D | H45: 38625 | I45: S/D | J45: 38645 | K45: 9 | L45: fétido | M45: transparent | N45: lig turbio | O45: 0.9969 | P45: 21.5 | Q45: 0 | R45: 103.61 | S45: 0 | T45: 8366.7 | U45: 961.9 | V45: 291.8 | W45: 1 | X45: 14824 | Y45: 735.08 | Z45: 275 | AA45: 0 | AB45: 24514.463 | AD45: 5.275 | AE45: 25455.48 | AF45: 1.4297 | AG45: 3603 | AH45: 638.35 | AK45: 363.77802 | AL45: 47.99881 | AM45: 23.997632 | AN45: 0.0358 | AO45: 418.0368 | AP45: 12.047961 | AQ45: 5.7255 | AR45: 0
A46: {=IFERROR(_xlfn.XLOOKUP(1,(Hoja1!$B$5:$B$1097=B46)*(Hoja1!$E$5:$E$1097=_xlfn.MAXIFS(Hoja1!$E$5:$E$1097,Hoja1!$B$5:$B$1097,B46,Hoja1!$E$5:$E$1097,"<="&H46)),Hoja1!$C$5:$C$1097,""),"")} -> CONST_557_JSA | B46: =IF(LEFT(C46,1)="T","T-","C-")&TRIM(RIGHT(C46,LEN(C46)-SEARCH("-",C46))) -> C-557 | C46: Constituciones-557 | D46: 557 | E46: Sin Dato | F46: S/D | G46: S/D | H46: 38629 | I46: S/D | J46: 38646 | K46: 7 | L46: inodoro | M46: amarillento | N46: Turbio | O46: 0.9963 | P46: 23 | Q46: 0 | R46: 69.19 | S46: 29.92 | T46: 6379.4 | U46: 1122.3 | V46: 291.8 | W46: 3 | X46: 12066 | Y46: 796.34 | Z46: 200 | AA46: 0 | AB46: 19965.572 | AD46: 5.275 | AE46: 20858.84 | AF46: 4.2891 | AG46: 4003 | AH46: 691.55 | AK46: 277.36941 | AL46: 56.00277 | AM46: 23.997632 | AN46: 0.1074 | AO46: 340.2612 | AP46: 13.052013 | AQ46: 4.164 | AR46: 0
A47: {=IFERROR(_xlfn.XLOOKUP(1,(Hoja1!$B$5:$B$1097=B47)*(Hoja1!$E$5:$E$1097=_xlfn.MAXIFS(Hoja1!$E$5:$E$1097,Hoja1!$B$5:$B$1097,B47,Hoja1!$E$5:$E$1097,"<="&H47)),Hoja1!$C$5:$C$1097,""),"")} -> CONST_559_JSA | B47: =IF(LEFT(C47,1)="T","T-","C-")&TRIM(RIGHT(C47,LEN(C47)-SEARCH("-",C47))) -> C-559 | C47: Constituciones-559 | D47: 559 | E47: Sin Dato | F47: S/D | G47: S/D | H47: 38625 | I47: S/D | J47: 38646 | K47: 9 | L47: Aceitoso | M47: amarillento | N47: transparen | O47: 1.0459 | P47: 24 | Q47: 0 | R47: 0 | S47: 0 | T47: 17285.2 | U47: 5972 | V47: 1434.8 | W47: 0.25 | X47: 40681 | Y47: 735.08 | Z47: 400 | AA47: 0 | AB47: 64122.439 | AD47: 0 | AE47: 66508.33 | AF47: 0.357425 | AG47: 20816 | AH47: 638.35 | AK47: 751.57046 | AL47: 298.0028 | AM47: 117.99795 | AN47: 0.00895 | AO47: 1147.2042 | AP47: 12.047961 | AQ47: 8.328 | AR47: 0
A48: {=IFERROR(_xlfn.XLOOKUP(1,(Hoja1!$B$5:$B$1097=B48)*(Hoja1!$E$5:$E$1097=_xlfn.MAXIFS(Hoja1!$E$5:$E$1097,Hoja1!$B$5:$B$1097,B48,Hoja1!$E$5:$E$1097,"<="&H48)),Hoja1!$C$5:$C$1097,""),"")} -> CONST_567_JSA | B48: =IF(LEFT(C48,1)="T","T-","C-")&TRIM(RIGHT(C48,LEN(C48)-SEARCH("-",C48))) -> C-567 | C48: Constituciones-567 | D48: 567 | E48: Sin Dato | F48: S/D | G48: S/D | H48: 38629 | I48: S/D | J48: 38646 | K48: 7 | L48: fétido | M48: verdoso | N48: transparen | O48: 1.0063 | P48: 23 | Q48: 0 | R48: 34.76 | S48: 2992 | T48: 5356.7 | U48: 921.9 | V48: 413.4 | W48: 1 | X48: 10687 | Y48: 673.83 | Z48: 25 | AA48: 0 | AB48: 17508.015 | AD48: 5.275 | AE48: 18078.83 | AF48: 1.4297 | AG48: 4003 | AH48: 585.15 | AK48: 232.90135 | AL48: 46.00281 | AM48: 33.998016 | AN48: 0.0358 | AO48: 301.3734 | AP48: 11.044074 | AQ48: 0.5205 | AR48: 0
A49: {=IFERROR(_xlfn.XLOOKUP(1,(Hoja1!$B$5:$B$1097=B49)*(Hoja1!$E$5:$E$1097=_xlfn.MAXIFS(Hoja1!$E$5:$E$1097,Hoja1!$B$5:$B$1097,B49,Hoja1!$E$5:$E$1097,"<="&H49)),Hoja1!$C$5:$C$1097,""),"")} -> CONST_589_JSA | B49: =IF(LEFT(C49,1)="T","T-","C-")&TRIM(RIGHT(C49,LEN(C49)-SEARCH("-",C49))) -> C-589 | C49: Constituciones-589 | D49: 589 | E49: Sin Dato | F49: S/D | G49: S/D | H49: 38617 | I49: S/D | J49: 38623 | K49: 7 | L49: fétido | M49: café claro | N49: Turbio | O49: 1.0006 | P49: 25 | Q49: 0 | R49: 206.88 | S49: 309.17 | T49: 3493.5 | U49: 801.6 | V49: 437.7 | W49: 9 | X49: 7240 | Y49: 673.83 | Z49: 625 | AA49: 0 | AB49: 11928.522 | AD49: 21.098 | AE49: 13280.63 | AF49: 12.8673 | AG49: 3803 | AH49: 525.15 | AK49: 151.90609 | AL49: 39.99984 | AM49: 35.996448 | AN49: 0.3222 | AO49: 204.168 | AP49: 11.044074 | AQ49: 13.0125 | AR49: 0
A50: {=IFERROR(_xlfn.XLOOKUP(1,(Hoja1!$B$5:$B$1097=B50)*(Hoja1!$E$5:$E$1097=_xlfn.MAXIFS(Hoja1!$E$5:$E$1097,Hoja1!$B$5:$B$1097,B50,Hoja1!$E$5:$E$1097,"<="&H50)),Hoja1!$C$5:$C$1097,""),"")} -> CONST_119D_KTIA | B50: =IF(LEFT(C50,1)="T","T-","C-")&TRIM(RIGHT(C50,LEN(C50)-SEARCH("-",C50))) -> C-119D | C50: Constituciones-119D | D50: 119D | E50: Sin Dato | F50: S/D | G50: S/D | H50: 38608 | I50: S/D | J50: 38622 | K50: 7 | L50: fétido | M50: claro | N50: transparen | O50: 1.006 | P50: 24 | Q50: 0 | R50: 34.76 | S50: 49.84 | T50: 1597.8 | U50: 1122.3 | V50: 729.6 | W50: 0.5 | X50: 6204 | Y50: 610.74 | Z50: 25 | AA50: 0 | AB50: 10166.756 | AD50: 8.447 | AE50: 10289.94 | AF50: 0.71485 | AG50: 5805 | AH50: 531.96 | AK50: 69.460355 | AL50: 56.00277 | AM50: 60.002304 | AN50: 0.0179 | AO50: 174.9528 | AP50: 10.010029 | AQ50: 0.5205 | AR50: 0
A51: {=IFERROR(_xlfn.XLOOKUP(1,(Hoja1!$B$5:$B$1097=B51)*(Hoja1!$E$5:$E$1097=_xlfn.MAXIFS(Hoja1!$E$5:$E$1097,Hoja1!$B$5:$B$1097,B51,Hoja1!$E$5:$E$1097,"<="&H51)),Hoja1!$C$5:$C$1097,""),"")} -> CONST_200_JSA | B51: =IF(LEFT(C51,1)="T","T-","C-")&TRIM(RIGHT(C51,LEN(C51)-SEARCH("-",C51))) -> C-200 | C51: Constituciones-200 | D51: 200 | E51: Sin Dato | F51: S/D | G51: S/D | H51: 38617 | I51: S/D | J51: 38623 | K51: 8 | L51: fétido | M51: amarillento | N51: turbio | O51: 1.001 | P51: 24 | Q51: 0 | R51: 172.45 | S51: 89.72 | T51: 4543.9 | U51: 841.7 | V51: 364.8 | W51: 0.25 | X51: 8962 | Y51: 488.59 | Z51: 425 | AA51: 0 | AB51: 14759.765 | AD51: 10.559 | AE51: 15626.24 | AF51: 0.357425 | AG51: 3603 | AH51: 425.57 | AK51: 197.57396 | AL51: 42.00083 | AM51: 30.001152 | AN51: 0.00895 | AO51: 252.7284 | AP51: 8.0079901 | AQ51: 8.8485 | AR51: 0
A52: {=IFERROR(_xlfn.XLOOKUP(1,(Hoja1!$B$5:$B$1097=B52)*(Hoja1!$E$5:$E$1097=_xlfn.MAXIFS(Hoja1!$E$5:$E$1097,Hoja1!$B$5:$B$1097,B52,Hoja1!$E$5:$E$1097,"<="&H52)),Hoja1!$C$5:$C$1097,""),"")} -> CONST_202_JSA | B52: =IF(LEFT(C52,1)="T","T-","C-")&TRIM(RIGHT(C52,LEN(C52)-SEARCH("-",C52))) -> C-202 | C52: Constituciones-202 | D52: 202 | E52: Sin Dato | F52: S/D | G52: S/D | H52: 38617 | I52: S/D | J52: 38623 | K52: 8 | L52: fétido | M52: amarillento | N52: turbio | O52: 1.011 | P52: 24 | Q52: 0 | R52: 241.3 | S52: 109.65 | T52: 9279.9 | U52: 1322.7 | V52: 729.6 | W52: 1.75 | X52: 17579 | Y52: 793.96 | Z52: 1000 | AA52: 0 | AB52: 28664.976 | AD52: 10.559 | AE52: 30706.91 | AF52: 2.501975 | AG52: 6305 | AH52: 691.55 | AK52: 403.49312 | AL52: 66.00273 | AM52: 60.002304 | AN52: 0.06265 | AO52: 495.7278 | AP52: 13.013004 | AQ52: 20.82 | AR52: 0
A53: {=IFERROR(_xlfn.XLOOKUP(1,(Hoja1!$B$5:$B$1097=B53)*(Hoja1!$E$5:$E$1097=_xlfn.MAXIFS(Hoja1!$E$5:$E$1097,Hoja1!$B$5:$B$1097,B53,Hoja1!$E$5:$E$1097,"<="&H53)),Hoja1!$C$5:$C$1097,""),"")} -> CONST_203_JSA | B53: =IF(LEFT(C53,1)="T","T-","C-")&TRIM(RIGHT(C53,LEN(C53)-SEARCH("-",C53))) -> C-203 | C53: Constituciones-203 | D53: 203 | E53: Sin Dato | F53: S/D | G53: S/D | H53: 38617 | I53: S/D | J53: 38623 | K53: 8 | L53: fétido | M53: café claro | N53: turbio | O53: 1.001 | P53: 24 | Q53: 0 | R53: 241.3 | S53: 49.84 | T53: 4683.6 | U53: 1202.4 | V53: 389.1 | W53: 0.5 | X53: 9651 | Y53: 671.81 | Z53: 600 | AA53: 0 | AB53: 15894.498 | AD53: 10.559 | AE53: 17198.41 | AF53: 0.71485 | AG53: 4604 | AH53: 585.15 | AK53: 203.64392 | AL53: 59.99976 | AM53: 31.999584 | AN53: 0.0179 | AO53: 272.1582 | AP53: 11.010966 | AQ53: 12.492 | AR53: 0
A54: {=IFERROR(_xlfn.XLOOKUP(1,(Hoja1!$B$5:$B$1097=B54)*(Hoja1!$E$5:$E$1097=_xlfn.MAXIFS(Hoja1!$E$5:$E$1097,Hoja1!$B$5:$B$1097,B54,Hoja1!$E$5:$E$1097,"<="&H54)),Hoja1!$C$5:$C$1097,""),"")} -> CONST_208_JSA | B54: =IF(LEFT(C54,1)="T","T-","C-")&TRIM(RIGHT(C54,LEN(C54)-SEARCH("-",C54))) -> C-208 | C54: Constituciones-208 | D54: 208 | E54: Sin Dato | F54: S/D | G54: S/D | H54: 38617 | I54: S/D | J54: 38623 | K54: 8 | L54: fétido | M54: café claro | N54: turbio | O54: 1.0076 | P54: 25 | Q54: 0 | R54: 172.45 | S54: 59.81 | T54: 6182.4 | U54: 2044.1 | V54: 583.7 | W54: 0.25 | X54: 14132 | Y54: 793.96 | Z54: 350 | AA54: 0 | AB54: 23121.928 | AD54: 10.559 | AE54: 24086.41 | AF54: 0.357425 | AG54: 7506 | AH54: 691.55 | AK54: 268.80938 | AL54: 102.00059 | AM54: 48.003488 | AN54: 0.00895 | AO54: 398.5224 | AP54: 13.013004 | AQ54: 7.287 | AR54: 0
A55: {=IFERROR(_xlfn.XLOOKUP(1,(Hoja1!$B$5:$B$1097=B55)*(Hoja1!$E$5:$E$1097=_xlfn.MAXIFS(Hoja1!$E$5:$E$1097,Hoja1!$B$5:$B$1097,B55,Hoja1!$E$5:$E$1097,"<="&H55)),Hoja1!$C$5:$C$1097,""),"")} -> CONST_210_JSA | B55: =IF(LEFT(C55,1)="T","T-","C-")&TRIM(RIGHT(C55,LEN(C55)-SEARCH("-",C55))) -> C-210 | C55: Constituciones-210 | D55: 210 | E55: Sin Dato | F55: S/D | G55: S/D | H55: 38608 | I55: S/D | J55: 38622 | K55: 7 | L55: fétido | M55: claro | N55: transparen | O55: 1.006 | P55: 24 | Q55: 0 | R55: 69.19 | S55: 59.81 | T55: 2343 | U55: 1062.1 | V55: 498.5 | W55: 0.5 | X55: 6549 | Y55: 366.44 | Z55: 250 | AA55: 0 | AB55: 10732.122 | AD55: 8.447 | AE55: 11069.54 | AF55: 0.71485 | AG55: 4704 | AH55: 319.17 | AK55: 101.87942 | AL55: 52.99879 | AM55: 40.99664 | AN55: 0.0179 | AO55: 184.6818 | AP55: 6.0059516 | AQ55: 5.205 | AR55: 0
A56: {=IFERROR(_xlfn.XLOOKUP(1,(Hoja1!$B$5:$B$1097=B56)*(Hoja1!$E$5:$E$1097=_xlfn.MAXIFS(Hoja1!$E$5:$E$1097,Hoja1!$B$5:$B$1097,B56,Hoja1!$E$5:$E$1097,"<="&H56)),Hoja1!$C$5:$C$1097,""),"")} -> CONST_222_JSA | B56: =IF(LEFT(C56,1)="T","T-","C-")&TRIM(RIGHT(C56,LEN(C56)-SEARCH("-",C56))) -> C-222 | C56: Constituciones-222 | D56: 222 | E56: Sin Dato | F56: S/D | G56: S/D | H56: 38617 | I56: S/D | J56: 38632 | K56: 8 | L56: fétido | M56: café | N56: turbio | O56: 1.0209 | P56: 24 | Q56: 0 | R56: 275.72 | S56: 199.47 | T56: 9910.1 | U56: 2444.9 | V56: 753.9 | W56: 4.5 | X56: 21030 | Y56: 612.57 | Z56: 575 | AA56: 0 | AB56: 33959.762 | AD56: 21.098 | AE56: 35330.97 | AF56: 6.43365 | AG56: 9207 | AH56: 531.96 | AK56: 430.89518 | AL56: 122.00051 | AM56: 62.000736 | AN56: 0.1611 | AO56: 593.046 | AP56: 10.040022 | AQ56: 11.9715 | AR56: 0
A57: {=IFERROR(_xlfn.XLOOKUP(1,(Hoja1!$B$5:$B$1097=B57)*(Hoja1!$E$5:$E$1097=_xlfn.MAXIFS(Hoja1!$E$5:$E$1097,Hoja1!$B$5:$B$1097,B57,Hoja1!$E$5:$E$1097,"<="&H57)),Hoja1!$C$5:$C$1097,""),"")} -> CONST_223_JSA | B57: =IF(LEFT(C57,1)="T","T-","C-")&TRIM(RIGHT(C57,LEN(C57)-SEARCH("-",C57))) -> C-223 | C57: Constituciones-223 | D57: 223 | E57: Sin Dato | F57: S/D | G57: S/D | H57: 38617 | I57: S/D | J57: 38632 | K57: 8 | L57: fétido | M57: café | N57: turbio | O57: 1.0209 | P57: 24 | Q57: 0 | R57: 206.88 | S57: 179.52 | T57: 9683.7 | U57: 1883.8 | V57: 875.5 | W57: 0.25 | X57: 19651 | Y57: 673.83 | Z57: 1050 | AA57: 0 | AB57: 31732.919 | AD57: 10.549 | AE57: 33818.08 | AF57: 0.357425 | AG57: 8307 | AH57: 585.15 | AK57: 421.05158 | AL57: 94.00162 | AM57: 72.00112 | AN57: 0.00895 | AO57: 554.1582 | AP57: 11.044074 | AQ57: 21.861 | AR57: 0
A58: {=IFERROR(_xlfn.XLOOKUP(1,(Hoja1!$B$5:$B$1097=B58)*(Hoja1!$E$5:$E$1097=_xlfn.MAXIFS(Hoja1!$E$5:$E$1097,Hoja1!$B$5:$B$1097,B58,Hoja1!$E$5:$E$1097,"<="&H58)),Hoja1!$C$5:$C$1097,""),"")} -> CONST_234D_KTIA | B58: =IF(LEFT(C58,1)="T","T-","C-")&TRIM(RIGHT(C58,LEN(C58)-SEARCH("-",C58))) -> C-234D | C58: Constituciones-234D | D58: 234D | E58: Sin Dato | F58: S/D | G58: S/D | H58: 38618 | I58: S/D | J58: 38623 | K58: 8 | L58: fétido | M58: amarillento | N58: turbio | O58: 1.0056 | P58: 25 | Q58: 0 | R58: 172.45 | S58: 299.05 | T58: 7926.4 | U58: 440.9 | V58: 121.6 | W58: 0.5 | X58: 12753 | Y58: 1038.26 | Z58: 0 | AA58: 0 | AB58: 20907.19 | AD58: 21.118 | AE58: 22280.66 | AF58: 0.71485 | AG58: 1601 | AH58: 904.33 | AK58: 344.63249 | AL58: 22.00091 | AM58: 10.000384 | AN58: 0.0179 | AO58: 359.6346 | AP58: 17.017081 | AQ58: 0 | AR58: 0
A59: {=IFERROR(_xlfn.XLOOKUP(1,(Hoja1!$B$5:$B$1097=B59)*(Hoja1!$E$5:$E$1097=_xlfn.MAXIFS(Hoja1!$E$5:$E$1097,Hoja1!$B$5:$B$1097,B59,Hoja1!$E$5:$E$1097,"<="&H59)),Hoja1!$C$5:$C$1097,""),"")} -> CONST_525A_JSA | B59: =IF(LEFT(C59,1)="T","T-","C-")&TRIM(RIGHT(C59,LEN(C59)-SEARCH("-",C59))) -> C-525A | C59: Constituciones-525A | D59: 525A | E59: Sin Dato | F59: S/D | G59: S/D | H59: 38608 | I59: S/D | J59: 38622 | K59: 7 | L59: fétido | M59: claro | N59: transparen | O59: 1.006 | P59: 24 | Q59: 0 | R59: 34.76 | S59: 39.87 | T59: 2921.9 | U59: 641.3 | V59: 547.2 | W59: 1.25 | X59: 6894 | Y59: 305.37 | Z59: 225 | AA59: 0 | AB59: 11297.488 | AD59: 4..224 | AE59: 11536.02 | AF59: 1.787125 | AG59: 3853 | AH59: 265.98 | AK59: 127.05297 | AL59: 32.00087 | AM59: 45.001728 | AN59: 0.04475 | AO59: 194.4108 | AP59: 5.0050143 | AQ59: 4.6845 | AR59: 0
A60: {=IFERROR(_xlfn.XLOOKUP(1,(Hoja1!$B$5:$B$1097=B60)*(Hoja1!$E$5:$E$1097=_xlfn.MAXIFS(Hoja1!$E$5:$E$1097,Hoja1!$B$5:$B$1097,B60,Hoja1!$E$5:$E$1097,"<="&H60)),Hoja1!$C$5:$C$1097,""),"")} -> CONST_528_JSA | B60: =IF(LEFT(C60,1)="T","T-","C-")&TRIM(RIGHT(C60,LEN(C60)-SEARCH("-",C60))) -> C-528 | C60: Constituciones-528 | D60: 528 | E60: Sin Dato | F60: S/D | G60: S/D | H60: 38617 | I60: S/D | J60: 38632 | K60: 8 | L60: fétido | M60: café | N60: Turbio | O60: 1.006 | P60: 24 | Q60: 0 | R60: 206.88 | S60: 159.57 | T60: 4727 | U60: 921.9 | V60: 243.2 | W60: 0 | X60: 9308 | Y60: 551.31 | Z60: 0 | AA60: 0 | AB60: 15253.411 | AD60: 10.549 | AE60: 15751.41 | AF60: 0 | AG60: 3303 | AH60: 478.76 | AK60: 205.51799 | AL60: 46.00281 | AM60: 20.000768 | AN60: 0 | AO60: 262.4856 | AP60: 9.0359709 | AQ60: 0 | AR60: 0
A61: {=IFERROR(_xlfn.XLOOKUP(1,(Hoja1!$B$5:$B$1097=B61)*(Hoja1!$E$5:$E$1097=_xlfn.MAXIFS(Hoja1!$E$5:$E$1097,Hoja1!$B$5:$B$1097,B61,Hoja1!$E$5:$E$1097,"<="&H61)),Hoja1!$C$5:$C$1097,""),"")} -> CONST_559_JSA | B61: =IF(LEFT(C61,1)="T","T-","C-")&TRIM(RIGHT(C61,LEN(C61)-SEARCH("-",C61))) -> C-559 | C61: Constituciones-559 | D61: 559 | E61: Sin Dato | F61: S/D | G61: S/D | H61: 38617 | I61: S/D | J61: 38632 | K61: 8 | L61: fétido | M61: café | N61: turbio | O61: 1.0409 | P61: 24 | Q61: 0 | R61: 138.03 | S61: 199.47 | T61: 17179.2 | U61: 6092.3 | V61: 1337.5 | W61: 0.5 | X61: 40336 | Y61: 735.08 | Z61: 55 | AA61: 0 | AB61: 63884.043 | AD61: 10.549 | AE61: 65735.58 | AF61: 0.71485 | AG61: 20716 | AH61: 638.35 | AK61: 736.64859 | AL61: 304.00577 | AM61: 109.996 | AN61: 0.0179 | AO61: 1137.4752 | AP61: 12.047961 | AQ61: 1.1451 | AR61: 0
A62: {=IFERROR(_xlfn.XLOOKUP(1,(Hoja1!$B$5:$B$1097=B62)*(Hoja1!$E$5:$E$1097=_xlfn.MAXIFS(Hoja1!$E$5:$E$1097,Hoja1!$B$5:$B$1097,B62,Hoja1!$E$5:$E$1097,"<="&H62)),Hoja1!$C$5:$C$1097,""),"")} -> CONST_572_KTIA | B62: =IF(LEFT(C62,1)="T","T-","C-")&TRIM(RIGHT(C62,LEN(C62)-SEARCH("-",C62))) -> C-572 | C62: Constituciones-572 | D62: 572 | E62: Sin Dato | F62: S/D | G62: S/D | H62: 38617 | I62: S/D | J62: 38632 | K62: 7 | L62: hidrocarb | M62: café | N62: turbio | O62: 1.0259 | P62: 24 | Q62: 0 | R62: 172.45 | S62: 129.65 | T62: 13761.4 | U62: 1122.3 | V62: 73 | W62: 11.75 | X62: 22754 | Y62: 1102.62 | Z62: 50 | AA62: 0 | AB62: 36564.64 | AD62: 10.549 | AE62: 38875.07 | AF62: 16.798975 | AG62: 3102 | AH62: 957.52 | AK62: 598.3488 | AL62: 56.00277 | AM62: 6.00352 | AN62: 0.42065 | AO62: 641.6628 | AP62: 18.071942 | AQ62: 1.041 | AR62: 0
A63: {=IFERROR(_xlfn.XLOOKUP(1,(Hoja1!$B$5:$B$1097=B63)*(Hoja1!$E$5:$E$1097=_xlfn.MAXIFS(Hoja1!$E$5:$E$1097,Hoja1!$B$5:$B$1097,B63,Hoja1!$E$5:$E$1097,"<="&H63)),Hoja1!$C$5:$C$1097,""),"")} -> TMLP_117D_KTS | B63: =IF(LEFT(C63,1)="T","T-","C-")&TRIM(RIGHT(C63,LEN(C63)-SEARCH("-",C63))) -> T-117D | C63: Tamaulipas-117D | D63: 117D | E63: Sin Dato | F63: S/D | G63: S/D | H63: 38384 | I63: S/D | J63: 38391 | K63: 8 | L63: 0 | M63: incoloro | N63: turbio | O63: 1.0097 | P63: 22 | Q63: 0 | R63: 0 | S63: 69.81 | T63: 8842.3 | U63: 200.4 | V63: 535 | W63: 0.75 | X63: 15176 | Y63: 643.08 | Z63: 0 | AA63: 0 | AB63: 24778.416 | AD63: 10.549 | AE63: 25397.53 | AF63: 1.072275 | AG63: 2702 | AH63: 531.96 | AK63: 384.47807 | AL63: 9.99996 | AM63: 43.9984 | AN63: 0.02685 | AO63: 427.9632 | AP63: 10.540081 | AQ63: 0 | AR63: 0 | AS63: MUESTREO SUPERFICIAL
A64: {=IFERROR(_xlfn.XLOOKUP(1,(Hoja1!$B$5:$B$1097=B64)*(Hoja1!$E$5:$E$1097=_xlfn.MAXIFS(Hoja1!$E$5:$E$1097,Hoja1!$B$5:$B$1097,B64,Hoja1!$E$5:$E$1097,"<="&H64)),Hoja1!$C$5:$C$1097,""),"")} -> TMLP_137_KTIA | B64: =IF(LEFT(C64,1)="T","T-","C-")&TRIM(RIGHT(C64,LEN(C64)-SEARCH("-",C64))) -> T-137 | C64: Tamaulipas-137 | D64: 137 | E64: Sin Dato | F64: S/D | G64: S/D | H64: 38392 | I64: S/D | J64: 38406 | K64: 8 | L64: 0 | M64: incoloro | N64: transparen | O64: 1.0358 | P64: 24 | Q64: 0 | R64: 0 | S64: 0 | T64: 18041.7 | U64: 1242.5 | V64: 145.9 | W64: 0.75 | X64: 29677 | Y64: 1286.15 | Z64: 25 | AA64: 0 | AB64: 47233.776 | AD64: 21.098 | AE64: 50419 | AF64: 1.072275 | AG64: 3703 | AH64: 1063.92 | AK64: 784.46548 | AL64: 62.00075 | AM64: 11.998816 | AN64: 0.02685 | AO64: 836.8914 | AP64: 21.079998 | AQ64: 0.5205 | AR64: 0
A65: {=IFERROR(_xlfn.XLOOKUP(1,(Hoja1!$B$5:$B$1097=B65)*(Hoja1!$E$5:$E$1097=_xlfn.MAXIFS(Hoja1!$E$5:$E$1097,Hoja1!$B$5:$B$1097,B65,Hoja1!$E$5:$E$1097,"<="&H65)),Hoja1!$C$5:$C$1097,""),"")} -> TMLP_140D_KTIA | B65: =IF(LEFT(C65,1)="T","T-","C-")&TRIM(RIGHT(C65,LEN(C65)-SEARCH("-",C65))) -> T-140D | C65: Tamaulipas-140D | D65: 140D | E65: Sin Dato | F65: S/D | G65: S/D | H65: 38392 | I65: S/D | J65: 38406 | K65: 8 | L65: 0 | M65: café claro | N65: transparen | O65: 1.0213 | P65: 23 | Q65: 0 | R65: 0 | S65: 99.73 | T65: 13398.4 | U65: 280.6 | V65: 1045.7 | W65: 0.75 | X65: 23944 | Y65: 450.15 | Z65: 0 | AA65: 0 | AB65: 38650.218 | AD65: 10.549 | AE65: 39119.6 | AF65: 1.072275 | AG65: 5004 | AH65: 372.37 | AK65: 582.5716 | AL65: 14.00194 | AM65: 85.998368 | AN65: 0.02685 | AO65: 675.2208 | AP65: 7.3779585 | AQ65: 0 | AR65: 0
A66: {=IFERROR(_xlfn.XLOOKUP(1,(Hoja1!$B$5:$B$1097=B66)*(Hoja1!$E$5:$E$1097=_xlfn.MAXIFS(Hoja1!$E$5:$E$1097,Hoja1!$B$5:$B$1097,B66,Hoja1!$E$5:$E$1097,"<="&H66)),Hoja1!$C$5:$C$1097,""),"")} -> TMLP_69D_KTIA | B66: =IF(LEFT(C66,1)="T","T-","C-")&TRIM(RIGHT(C66,LEN(C66)-SEARCH("-",C66))) -> T-69D | C66: Tamaulipas-69D | D66: 69D | E66: Sin Dato | F66: S/D | G66: S/D | H66: 38384 | I66: S/D | J66: 38391 | K66: 8 | L66: 0 | M66: incoloro | N66: turbio | O66: 1.0067 | P66: 22 | Q66: 0 | R66: 0 | S66: 49.87 | T66: 9145.1 | U66: 721.5 | V66: 97.3 | W66: 0.25 | X66: 15176 | Y66: 771.69 | Z66: 50 | AA66: 0 | AB66: 24852.256 | AD66: 10.549 | AE66: 25961.84 | AF66: 0.357425 | AG66: 2202 | AH66: 638.35 | AK66: 397.63845 | AL66: 36.00285 | AM66: 8.001952 | AN66: 0.00895 | AO66: 427.9632 | AP66: 12.647999 | AQ66: 1.041 | AR66: 0
A67: {=IFERROR(_xlfn.XLOOKUP(1,(Hoja1!$B$5:$B$1097=B67)*(Hoja1!$E$5:$E$1097=_xlfn.MAXIFS(Hoja1!$E$5:$E$1097,Hoja1!$B$5:$B$1097,B67,Hoja1!$E$5:$E$1097,"<="&H67)),Hoja1!$C$5:$C$1097,""),"")} -> CONST_138_JSA | B67: =IF(LEFT(C67,1)="T","T-","C-")&TRIM(RIGHT(C67,LEN(C67)-SEARCH("-",C67))) -> C-138 | C67: Constituciones-138 | D67: 138 | E67: Jurásico San Andrés | F67: 1962-1937m | G67: - | H67: 38903 | I67: Sin Dato | J67: 38930 | K67: 9 | L67: - | M67: Incolora | N67: Transparente | O67: 1.1465438 | P67: 22 | Q67: 0 | R67: 0 | S67: 23.380844 | T67: 9124.5932 | U67: 2244.5138 | V67: 218.8716 | W67: 0.25 | X67: 17987.234 | Y67: 713.84991 | Z67: 375 | AA67: 0 | AB67: 25863.203 | AD67: 6.4055143 | AE67: 30664.313 | AF67: 0.357425 | AG67: 6504.8414 | AH67: 691.54532 | AK67: 396.73731 | AL67: 112.00124 | AM67: 18 | AN67: 0.00895 | AO67: 507.24 | AP67: 11.7 | AQ67: 7.8075 | AR67: 0 | AS67: -
A68: {=IFERROR(_xlfn.XLOOKUP(1,(Hoja1!$B$5:$B$1097=B68)*(Hoja1!$E$5:$E$1097=_xlfn.MAXIFS(Hoja1!$E$5:$E$1097,Hoja1!$B$5:$B$1097,B68,Hoja1!$E$5:$E$1097,"<="&H68)),Hoja1!$C$5:$C$1097,""),"")} -> CONST_202D_KTIA | B68: =IF(LEFT(C68,1)="T","T-","C-")&TRIM(RIGHT(C68,LEN(C68)-SEARCH("-",C68))) -> C-202D | C68: Constituciones-202D | D68: 202D | E68: sin dato | F68: s/d | G68: s/d | H68: 38987 | I68: Sin Dato | J68: 38996 | K68: 8 | L68: - | M68: Amarillo | N68: Ligeramente turbio | O68: 1.0209473 | P68: 24 | Q68: 0 | R68: 0 | S68: 165.9789 | T68: 13131.314 | U68: 8216.5237 | V68: 997.08171 | W68: 0.25 | X68: 36719.468 | Y68: 1099.4509 | Z68: 225 | AA68: 143.1 | AB68: 59292.755 | AD68: 64.262822 | AE68: 60532.189 | AF68: 0.357425 | AG68: 24618.417 | AH68: 904.3285 | AK68: 570.94954 | AL68: 410.00453 | AM68: 82 | AN68: 0.00895 | AO68: 1035.489 | AP68: 18.02 | AQ68: 4.6845 | AR68: 4.769523 | AS68: Muestras recibidas el 2 de octubre de 2006
A69: {=IFERROR(_xlfn.XLOOKUP(1,(Hoja1!$B$5:$B$1097=B69)*(Hoja1!$E$5:$E$1097=_xlfn.MAXIFS(Hoja1!$E$5:$E$1097,Hoja1!$B$5:$B$1097,B69,Hoja1!$E$5:$E$1097,"<="&H69)),Hoja1!$C$5:$C$1097,""),"")} -> CONST_572_KTIA | B69: =IF(LEFT(C69,1)="T","T-","C-")&TRIM(RIGHT(C69,LEN(C69)-SEARCH("-",C69))) -> C-572 | C69: Constituciones-572 | D69: 572 | E69: sin dato | F69: s/d | G69: s/d | H69: 38987 | I69: Sin Dato | J69: 38996 | K69: 8 | L69: - | M69: Incoloro | N69: Transparente | O69: 1.0161322 | P69: 23.5 | Q69: 0 | R69: 0 | S69: 5.7234105 | T69: 11688.09 | U69: 1002.0151 | V69: 364.78599 | W69: 1 | X69: 20108.28 | Y69: 1228.798 | Z69: 50 | AA69: 0 | AB69: 32623.704 | AD69: 64.262822 | AE69: 34442.969 | AF69: 1.4297 | AG69: 4003.1076 | AH69: 1010.7201 | AK69: 508.19815 | AL69: 50.000552 | AM69: 30 | AN69: 0.0358 | AO69: 567.0535 | AP69: 20.14 | AQ69: 1.041 | AR69: 0 | AS69: Muestras recibidas el 2 de octubre de 2006
A70: {=IFERROR(_xlfn.XLOOKUP(1,(Hoja1!$B$5:$B$1097=B70)*(Hoja1!$E$5:$E$1097=_xlfn.MAXIFS(Hoja1!$E$5:$E$1097,Hoja1!$B$5:$B$1097,B70,Hoja1!$E$5:$E$1097,"<="&H70)),Hoja1!$C$5:$C$1097,""),"")} -> CONST_576_JSA | B70: =IF(LEFT(C70,1)="T","T-","C-")&TRIM(RIGHT(C70,LEN(C70)-SEARCH("-",C70))) -> C-576 | C70: Constituciones-576 | D70: 576 | E70: sin dato | F70: s/d | G70: s/d | H70: 38987 | I70: Sin Dato | J70: 38996 | K70: 8.5 | L70: - | M70: Incoloro | N70: Transparente | O70: 1.0061421 | P70: 23.5 | Q70: 0 | R70: 0 | S70: 0 | T70: 8619.3713 | U70: 1242.4987 | V70: 364.78599 | W70: 0.75 | X70: 16086.624 | Y70: 485.05186 | Z70: 250 | AA70: 0 | AB70: 26358.104 | AD70: 85.683762 | AE70: 27049.082 | AF70: 1.072275 | AG70: 4603.5432 | AH70: 398.96846 | AK70: 374.77026 | AL70: 62.000685 | AM70: 30 | AN70: 0.02685 | AO70: 453.6428 | AP70: 7.95 | AQ70: 5.205 | AR70: 0 | AS70: Muestras recibidas el 2 de octubre de 2006
A71: {=IFERROR(_xlfn.XLOOKUP(1,(Hoja1!$B$5:$B$1097=B71)*(Hoja1!$E$5:$E$1097=_xlfn.MAXIFS(Hoja1!$E$5:$E$1097,Hoja1!$B$5:$B$1097,B71,Hoja1!$E$5:$E$1097,"<="&H71)),Hoja1!$C$5:$C$1097,""),"")} -> CONST_202_JSA | B71: =IF(LEFT(C71,1)="T","T-","C-")&TRIM(RIGHT(C71,LEN(C71)-SEARCH("-",C71))) -> C-202 | C71: Constituciones-202 | D71: 202 | E71: sin dato | F71: s/d | G71: s/d | H71: 38987 | I71: Sin Dato | J71: 38996 | K71: 7 | L71: - | M71: Incoloro | N71: Transparente | O71: 1.0111372 | P71: 23.5 | Q71: 0 | R71: 0 | S71: 0 | T71: 8391.182 | U71: 1362.7405 | V71: 753.89105 | W71: 0.5 | X71: 16261.479 | Y71: 711.4094 | Z71: 725 | AA71: 286.2 | AB71: 26512.979 | AD71: 64.262822 | AE71: 28492.402 | AF71: 0.71485 | AG71: 6505.1396 | AH71: 585.15373 | AK71: 364.84859 | AL71: 68.000751 | AM71: 62 | AN71: 0.0179 | AO71: 458.5737 | AP71: 11.66 | AQ71: 15.0945 | AR71: 9.539046 | AS71: Muestras recibidas el 2 de octubre de 2006
A72: {=IFERROR(_xlfn.XLOOKUP(1,(Hoja1!$B$5:$B$1097=B72)*(Hoja1!$E$5:$E$1097=_xlfn.MAXIFS(Hoja1!$E$5:$E$1097,Hoja1!$B$5:$B$1097,B72,Hoja1!$E$5:$E$1097,"<="&H72)),Hoja1!$C$5:$C$1097,""),"")} -> CONST_557_JSA | B72: =IF(LEFT(C72,1)="T","T-","C-")&TRIM(RIGHT(C72,LEN(C72)-SEARCH("-",C72))) -> C-557 | C72: Constituciones-557 | D72: 557 | E72: sin dato | F72: s/d | G72: s/d | H72: 38987 | I72: Sin Dato | J72: 38996 | K72: 8 | L72: - | M72: Blanca | N72: Turbio | O72: 1.0059621 | P72: 24 | Q72: 0 | R72: 0 | S72: 5.7234105 | T72: 4043.164 | U72: 781.57176 | V72: 231.03113 | W72: 0.5 | X72: 7693.6028 | Y72: 679.07261 | Z72: 275 | AA72: 0 | AB72: 12608.305 | AD72: 21.420941 | AE72: 13703.942 | AF72: 0.71485 | AG72: 2902.2344 | AH72: 558.55584 | AK72: 175.79677 | AL72: 39.000431 | AM72: 19 | AN72: 0.0179 | AO72: 216.9596 | AP72: 11.13 | AQ72: 5.7255 | AR72: 0 | AS72: Muestras recibidas el 2 de octubre de 2006
A73: {=IFERROR(_xlfn.XLOOKUP(1,(Hoja1!$B$5:$B$1097=B73)*(Hoja1!$E$5:$E$1097=_xlfn.MAXIFS(Hoja1!$E$5:$E$1097,Hoja1!$B$5:$B$1097,B73,Hoja1!$E$5:$E$1097,"<="&H73)),Hoja1!$C$5:$C$1097,""),"")} -> CONST_201_JSA | B73: =IF(LEFT(C73,1)="T","T-","C-")&TRIM(RIGHT(C73,LEN(C73)-SEARCH("-",C73))) -> C-201 | C73: Constituciones-201 | D73: 201 | E73: sin dato | F73: s/d | G73: s/d | H73: 38987 | I73: Sin Dato | J73: 38994 | K73: 7 | L73: - | M73: Blanca | N73: Turbio | O73: 1.0009671 | P73: 24 | Q73: 0 | R73: 0 | S73: 22.893642 | T73: 4186.207 | U73: 761.53146 | V73: 462.06226 | W73: 0.5 | X73: 8567.8759 | Y73: 970.10372 | Z73: 25 | AA73: 0 | AB73: 14111.135 | AD73: 21.420941 | AE73: 14973.28 | AF73: 0.71485 | AG73: 3803.0166 | AH73: 797.93691 | AK73: 182.01628 | AL73: 38.00042 | AM73: 38 | AN73: 0.0179 | AO73: 241.6141 | AP73: 15.9 | AQ73: 0.5205 | AR73: 0 | AS73: Muestras recibidas el 2 de octubre de 2006
A74: {=IFERROR(_xlfn.XLOOKUP(1,(Hoja1!$B$5:$B$1097=B74)*(Hoja1!$E$5:$E$1097=_xlfn.MAXIFS(Hoja1!$E$5:$E$1097,Hoja1!$B$5:$B$1097,B74,Hoja1!$E$5:$E$1097,"<="&H74)),Hoja1!$C$5:$C$1097,""),"")} -> CONST_119D_KTIA | B74: =IF(LEFT(C74,1)="T","T-","C-")&TRIM(RIGHT(C74,LEN(C74)-SEARCH("-",C74))) -> C-119D | C74: Constituciones-119D | D74: 119D | E74: sin dato | F74: s/d | G74: s/d | H74: 38987 | I74: Sin Dato | J74: 38994 | K74: 7 | L74: - | M74: Incoloro | N74: Transparente | O74: 1.0009671 | P74: 24 | Q74: 0 | R74: 0 | S74: 17.170231 | T74: 3660.1535 | U74: 1042.0957 | V74: 121.59533 | W74: 0.75 | X74: 7169.039 | Y74: 905.43014 | Z74: 200 | AA74: 0 | AB74: 11807.276 | AD74: 21.420941 | AE74: 13099.064 | AF74: 1.072275 | AG74: 3102.3186 | AH74: 744.74112 | AK74: 159.14348 | AL74: 52.000575 | AM74: 10 | AN74: 0.02685 | AO74: 202.1669 | AP74: 14.84 | AQ74: 4.164 | AR74: 0 | AS74: Muestras recibidas el 2 de octubre de 2006
A75: {=IFERROR(_xlfn.XLOOKUP(1,(Hoja1!$B$5:$B$1097=B75)*(Hoja1!$E$5:$E$1097=_xlfn.MAXIFS(Hoja1!$E$5:$E$1097,Hoja1!$B$5:$B$1097,B75,Hoja1!$E$5:$E$1097,"<="&H75)),Hoja1!$C$5:$C$1097,""),"")} -> CONST_221_JSA | B75: =IF(LEFT(C75,1)="T","T-","C-")&TRIM(RIGHT(C75,LEN(C75)-SEARCH("-",C75))) -> C-221 | C75: Constituciones-221 | D75: 221 | E75: sin dato | F75: s/d | G75: s/d | H75: 38987 | I75: Sin Dato | J75: 38994 | K75: 8 | L75: - | M75: Blanca | N75: Turbio | O75: 1.0059621 | P75: 24 | Q75: 0 | R75: 0 | S75: 0 | T75: 3705.208 | U75: 801.61206 | V75: 267.50973 | W75: 0.75 | X75: 6994.1844 | Y75: 1164.1245 | Z75: 200 | AA75: 79.5 | AB75: 11462.096 | AD75: 21.420941 | AE75: 13212.889 | AF75: 1.072275 | AG75: 3102.3999 | AH75: 957.52429 | AK75: 161.10244 | AL75: 40.000442 | AM75: 22 | AN75: 0.02685 | AO75: 197.236 | AP75: 19.08 | AQ75: 4.164 | AR75: 2.649735 | AS75: Muestras recibidas el 2 de octubre de 2006
A76: {=IFERROR(_xlfn.XLOOKUP(1,(Hoja1!$B$5:$B$1097=B76)*(Hoja1!$E$5:$E$1097=_xlfn.MAXIFS(Hoja1!$E$5:$E$1097,Hoja1!$B$5:$B$1097,B76,Hoja1!$E$5:$E$1097,"<="&H76)),Hoja1!$C$5:$C$1097,""),"")} -> CONST_119_JSA | B76: =IF(LEFT(C76,1)="T","T-","C-")&TRIM(RIGHT(C76,LEN(C76)-SEARCH("-",C76))) -> C-119 | C76: Constituciones-119 | D76: 119 | E76: sin dato | F76: s/d | G76: s/d | H76: 38987 | I76: Sin Dato | J76: 38994 | K76: 8 | L76: - | M76: Blanca | N76: Turbio | O76: 1.0009671 | P76: 24 | Q76: 0 | R76: 0 | S76: 34.340463 | T76: 3890.558 | U76: 881.77327 | V76: 97.276265 | W76: 0.25 | X76: 7169.039 | Y76: 905.43014 | Z76: 200 | AA76: 0 | AB76: 11807.276 | AD76: 0 | AE76: 13144.327 | AF76: 0.357425 | AG76: 2601.942 | AH76: 744.74112 | AK76: 169.16146 | AL76: 44.000486 | AM76: 8 | AN76: 0.00895 | AO76: 202.1669 | AP76: 14.84 | AQ76: 4.164 | AR76: 0 | AS76: Muestras recibidas el 2 de octubre de 2006
A77: {=IFERROR(_xlfn.XLOOKUP(1,(Hoja1!$B$5:$B$1097=B77)*(Hoja1!$E$5:$E$1097=_xlfn.MAXIFS(Hoja1!$E$5:$E$1097,Hoja1!$B$5:$B$1097,B77,Hoja1!$E$5:$E$1097,"<="&H77)),Hoja1!$C$5:$C$1097,""),"")} | B77: =IF(LEFT(C77,1)="T","T-","C-")&TRIM(RIGHT(C77,LEN(C77)-SEARCH("-",C77))) -> C-1001 | C77: Constituciones-1001 | D77: 1001 | E77: sin dato | F77: s/d | G77: s/d | H77: 38989 | I77: Sin Dato | J77: 39001 | K77: 7 | L77: - | M77: Blanca | N77: Ligeramente turbio | O77: 1.0056021 | P77: 25 | Q77: 0 | R77: 0 | S77: 22.893642 | T77: 13461.687 | U77: 260.52392 | V77: 60.797665 | W77: 1.5 | X77: 20982.553 | Y77: 711.4094 | Z77: 0 | AA77: 0 | AB77: 34398.597 | AD77: 12.852564 | AE77: 35478.471 | AF77: 2.14455 | AG77: 900.68734 | AH77: 585.15373 | AK77: 585.31416 | AL77: 13.000144 | AM77: 5 | AN77: 0.0537 | AO77: 591.708 | AP77: 11.66 | AQ77: 0 | AR77: 0 | AS77: Muestras recibidas el 2 de octubre de 2006
A78: {=IFERROR(_xlfn.XLOOKUP(1,(Hoja1!$B$5:$B$1097=B78)*(Hoja1!$E$5:$E$1097=_xlfn.MAXIFS(Hoja1!$E$5:$E$1097,Hoja1!$B$5:$B$1097,B78,Hoja1!$E$5:$E$1097,"<="&H78)),Hoja1!$C$5:$C$1097,""),"")} -> CONST_119_JSA | B78: =IF(LEFT(C78,1)="T","T-","C-")&TRIM(RIGHT(C78,LEN(C78)-SEARCH("-",C78))) -> C-119 | C78: Constituciones-119 | D78: 119 | E78: Sin Dato | F78: S/D | G78: S/D | H78: 38588 | I78: S/D | J78: 38958 | K78: 7 | L78: fétido | M78: incoloro | N78: transparen | O78: 1.0003 | P78: 23 | Q78: 0 | R78: 0.34 | S78: 139.63 | T78: 2993.2 | U78: 240.5 | V78: 680.9 | W78: 0 | X78: 6166 | Y78: 686.39 | Z78: 625 | AA78: 0 | AB78: 10162.062 | AD78: 5.275 | AE78: 11391.99 | AF78: 0 | AG78: 3403 | AJ78: 531.96 | AK78: 130.14547 | AL78: 12.00095 | AM78: 55.997216 | AN78: 0 | AO78: 173.8812 | AP78: 11.249932 | AQ78: 13.0125 | AR78: 0
A79: {=IFERROR(_xlfn.XLOOKUP(1,(Hoja1!$B$5:$B$1097=B79)*(Hoja1!$E$5:$E$1097=_xlfn.MAXIFS(Hoja1!$E$5:$E$1097,Hoja1!$B$5:$B$1097,B79,Hoja1!$E$5:$E$1097,"<="&H79)),Hoja1!$C$5:$C$1097,""),"")} -> CONST_134_JSA | B79: =IF(LEFT(C79,1)="T","T-","C-")&TRIM(RIGHT(C79,LEN(C79)-SEARCH("-",C79))) -> C-134 | C79: Constituciones-134 | D79: 134 | E79: Sin Dato | F79: S/D | G79: S/D | H79: 38588 | I79: S/D | J79: 38958 | K79: 6 | L79: inodoro | M79: café claro | N79: lig. Turbio | O79: 0.9983 | P79: 23 | Q79: 0 | R79: 206.88 | S79: 69.81 | T79: 3684.7 | U79: 541.1 | V79: 547.2 | W79: 14.5 | X79: 7238 | Y79: 411.84 | Z79: 1050 | AA79: 0 | AB79: 11952.702 | AD79: 5.275 | AE79: 13487.34 | AF79: 20.73065 | AG79: 3603 | AJ79: 319.17 | AK79: 160.20094 | AL79: 27.00089 | AM79: 45.001728 | AN79: 0.5191 | AO79: 204.1116 | AP79: 6.7500576 | AQ79: 21.861 | AR79: 0
A80: {=IFERROR(_xlfn.XLOOKUP(1,(Hoja1!$B$5:$B$1097=B80)*(Hoja1!$E$5:$E$1097=_xlfn.MAXIFS(Hoja1!$E$5:$E$1097,Hoja1!$B$5:$B$1097,B80,Hoja1!$E$5:$E$1097,"<="&H80)),Hoja1!$C$5:$C$1097,""),"")} -> CONST_169D_JSA | B80: =IF(LEFT(C80,1)="T","T-","C-")&TRIM(RIGHT(C80,LEN(C80)-SEARCH("-",C80))) -> C-169D | C80: Constituciones-169D | D80: 169D | E80: Sin Dato | F80: S/D | G80: S/D | H80: 38588 | I80: S/D | J80: 38958 | K80: 6 | L80: Aceitoso | M80: café claro | N80: lig. Turbio | O80: 0.9987 | P80: 22 | Q80: 0 | R80: 69.19 | S80: 59.84 | T80: 3353.2 | U80: 420.8 | V80: 620.1 | W80: 11.5 | X80: 6434 | Y80: 274.56 | Z80: 1550 | AA80: 0 | AB80: 10620.735 | AD80: 5.275 | AE80: 12664.16 | AF80: 16.44155 | AG80: 3603 | AJ80: 212.78 | AK80: 145.80319 | AL80: 20.99792 | AM80: 50.997024 | AN80: 0.4117 | AO80: 181.4388 | AP80: 4.5000384 | AQ80: 32.271 | AR80: 0
A81: {=IFERROR(_xlfn.XLOOKUP(1,(Hoja1!$B$5:$B$1097=B81)*(Hoja1!$E$5:$E$1097=_xlfn.MAXIFS(Hoja1!$E$5:$E$1097,Hoja1!$B$5:$B$1097,B81,Hoja1!$E$5:$E$1097,"<="&H81)),Hoja1!$C$5:$C$1097,""),"")} | B81: =IF(LEFT(C81,1)="T","T-","C-")&TRIM(RIGHT(C81,LEN(C81)-SEARCH("-",C81))) -> C-195T | C81: Constituciones-195T | D81: 195T | E81: Sin Dato | F81: S/D | G81: S/D | H81: 38588 | I81: S/D | J81: 38958 | K81: 6 | L81: inoloro | M81: café claro | N81: lig. Turbio | O81: 0.9987 | P81: 22 | Q81: 0 | R81: 4.09 | S81: 39.89 | T81: 1885.8 | U81: 280.6 | V81: 559.3 | W81: 15 | X81: 4021 | Y81: 411.84 | Z81: 1075 | AA81: 0 | AB81: 6637.5468 | AD81: 5.275 | AE81: 8248.54 | AF81: 21.4455 | AG81: 3002 | AJ81: 319.17 | AK81: 81.987986 | AL81: 14.00194 | AM81: 45.996832 | AN81: 0.537 | AO81: 113.3922 | AP81: 6.7500576 | AQ81: 22.3815 | AR81: 0
A82: {=IFERROR(_xlfn.XLOOKUP(1,(Hoja1!$B$5:$B$1097=B82)*(Hoja1!$E$5:$E$1097=_xlfn.MAXIFS(Hoja1!$E$5:$E$1097,Hoja1!$B$5:$B$1097,B82,Hoja1!$E$5:$E$1097,"<="&H82)),Hoja1!$C$5:$C$1097,""),"")} -> CONST_196D_KTIA | B82: =IF(LEFT(C82,1)="T","T-","C-")&TRIM(RIGHT(C82,LEN(C82)-SEARCH("-",C82))) -> C-196D | C82: Constituciones-196D | D82: 196D | E82: Sin Dato | F82: S/D | G82: S/D | H82: 38588 | I82: S/D | J82: 38958 | K82: 7 | L82: aceite | M82: obscuro transparente c/sólidos suspendidos | N82: Turbio | O82: 0.9997 | P82: 22 | Q82: 0 | R82: 38.51 | S82: 69.81 | T82: 3160 | U82: 601.2 | V82: 632.3 | W82: 5.5 | X82: 6702 | Y82: 755.03 | Z82: 875 | AA82: 0 | AB82: 11052.062 | AD82: 5.275 | AE82: 12731.03 | AF82: 7.86335 | AG82: 4103 | AJ82: 585.15 | AK82: 137.39171 | AL82: 29.99988 | AM82: 52.000352 | AN82: 0.1969 | AO82: 188.9964 | AP82: 12.374942 | AQ82: 18.2175 | AR82: 0
A83: {=IFERROR(_xlfn.XLOOKUP(1,(Hoja1!$B$5:$B$1097=B83)*(Hoja1!$E$5:$E$1097=_xlfn.MAXIFS(Hoja1!$E$5:$E$1097,Hoja1!$B$5:$B$1097,B83,Hoja1!$E$5:$E$1097,"<="&H83)),Hoja1!$C$5:$C$1097,""),"")} -> CONST_199_JSA | B83: =IF(LEFT(C83,1)="T","T-","C-")&TRIM(RIGHT(C83,LEN(C83)-SEARCH("-",C83))) -> C-199 | C83: Constituciones-199 | D83: 199 | E83: Sin Dato | F83: S/D | G83: S/D | H83: 38588 | I83: S/D | J83: 38958 | K83: 6 | L83: aceite | M83: café muy claro | N83: transparen | O83: 0.9963 | P83: 23 | Q83: 0 | R83: 107.36 | S83: 29.92 | T83: 3276 | U83: 481 | V83: 158.1 | W83: 1.75 | X83: 6166 | Y83: 343.2 | Z83: 0 | AA83: 0 | AB83: 10202.861 | AD83: 5.275 | AE83: 10426.05 | AF83: 2.501975 | AG83: 1851 | AJ83: 265.98 | AK83: 142.43955 | AL83: 24.0019 | AM83: 13.002144 | AN83: 0.06265 | AO83: 173.8812 | AP83: 5.625048 | AQ83: 0 | AR83: 0
A84: {=IFERROR(_xlfn.XLOOKUP(1,(Hoja1!$B$5:$B$1097=B84)*(Hoja1!$E$5:$E$1097=_xlfn.MAXIFS(Hoja1!$E$5:$E$1097,Hoja1!$B$5:$B$1097,B84,Hoja1!$E$5:$E$1097,"<="&H84)),Hoja1!$C$5:$C$1097,""),"")} -> CONST_201_JSA | B84: =IF(LEFT(C84,1)="T","T-","C-")&TRIM(RIGHT(C84,LEN(C84)-SEARCH("-",C84))) -> C-201 | C84: Constituciones-201 | D84: 201 | E84: Sin Dato | F84: S/D | G84: S/D | H84: 38588 | I84: S/D | J84: 38958 | K84: 5 | L84: aceite | M84: incoloro | N84: transparen | O84: 0.9987 | P84: 22 | Q84: 0 | R84: 4.09 | S84: 29.92 | T84: 3080.9 | U84: 440.9 | V84: 462.1 | W84: 1.75 | X84: 6702 | Y84: 274.56 | Z84: 25 | AA84: 0 | AB84: 11063.128 | AD84: 5.275 | AE84: 10987.21 | AF84: 2.501975 | AG84: 3002 | AJ84: 212.78 | AK84: 133.95027 | AL84: 22.00091 | AM84: 38.003104 | AN84: 0.06265 | AO84: 188.9964 | AP84: 4.5000384 | AQ84: 0.5205 | AR84: 0
A85: {=IFERROR(_xlfn.XLOOKUP(1,(Hoja1!$B$5:$B$1097=B85)*(Hoja1!$E$5:$E$1097=_xlfn.MAXIFS(Hoja1!$E$5:$E$1097,Hoja1!$B$5:$B$1097,B85,Hoja1!$E$5:$E$1097,"<="&H85)),Hoja1!$C$5:$C$1097,""),"")} -> CONST_211_JSA | B85: =IF(LEFT(C85,1)="T","T-","C-")&TRIM(RIGHT(C85,LEN(C85)-SEARCH("-",C85))) -> C-211 | C85: Constituciones-211 | D85: 211 | E85: Sin Dato | F85: S/D | G85: S/D | H85: 38588 | I85: S/D | J85: 38958 | K85: 6 | L85: aceite | M85: café muy claro | N85: transparen | O85: 0.9987 | P85: 22 | Q85: 0 | R85: 103.61 | S85: 39.89 | T85: 2635.8 | U85: 400.8 | V85: 620.1 | W85: 1.75 | X85: 6166 | Y85: 274.56 | Z85: 350 | AA85: 0 | AB85: 10178.342 | AD85: 5275 | AE85: 10449.01 | AF85: 2.501975 | AG85: 3553 | AJ85: 212.78 | AK85: 114.60864 | AL85: 19.99992 | AM85: 50.997024 | AN85: 0.06265 | AO85: 173.8812 | AP85: 4.5000384 | AQ85: 7.287 | AR85: 0
A86: {=IFERROR(_xlfn.XLOOKUP(1,(Hoja1!$B$5:$B$1097=B86)*(Hoja1!$E$5:$E$1097=_xlfn.MAXIFS(Hoja1!$E$5:$E$1097,Hoja1!$B$5:$B$1097,B86,Hoja1!$E$5:$E$1097,"<="&H86)),Hoja1!$C$5:$C$1097,""),"")} -> CONST_221_JSA | B86: =IF(LEFT(C86,1)="T","T-","C-")&TRIM(RIGHT(C86,LEN(C86)-SEARCH("-",C86))) -> C-221 | C86: Constituciones-221 | D86: 221 | E86: Sin Dato | F86: S/D | G86: S/D | H86: 38588 | I86: S/D | J86: 38958 | K86: 7 | L86: Aceitoso | M86: café | N86: Turbio | O86: 0.9987 | P86: 22 | Q86: 0 | R86: 103.61 | S86: 49.87 | T86: 3146.4 | U86: 400.8 | V86: 705.3 | W86: 1 | X86: 6702 | Y86: 274.56 | Z86: 1025 | AA86: 0 | AB86: 11063.128 | AD86: 5.275 | AE86: 12255.06 | AF86: 1.4297 | AG86: 3903 | AJ86: 212.78 | AK86: 136.79735 | AL86: 19.99992 | AM86: 58.003872 | AN86: 0.0358 | AO86: 188.9964 | AP86: 4.5000384 | AQ86: 21.3405 | AR86: 0
A87: {=IFERROR(_xlfn.XLOOKUP(1,(Hoja1!$B$5:$B$1097=B87)*(Hoja1!$E$5:$E$1097=_xlfn.MAXIFS(Hoja1!$E$5:$E$1097,Hoja1!$B$5:$B$1097,B87,Hoja1!$E$5:$E$1097,"<="&H87)),Hoja1!$C$5:$C$1097,""),"")} -> CONST_557_JSA | B87: =IF(LEFT(C87,1)="T","T-","C-")&TRIM(RIGHT(C87,LEN(C87)-SEARCH("-",C87))) -> C-557 | C87: Constituciones-557 | D87: 557 | E87: Sin Dato | F87: S/D | G87: S/D | H87: 38588 | I87: S/D | J87: 38958 | K87: 8 | L87: aceite | M87: verde claro | N87: lig. Turbio | O87: 0.9987 | P87: 22 | Q87: 0 | R87: 4.09 | S87: 29.92 | T87: 3805 | U87: 320.6 | V87: 656.6 | W87: 1 | X87: 6702 | Y87: 549.12 | Z87: 1800 | AA87: 0 | AB87: 11063.128 | AD87: 5.275 | AE87: 13834.32 | AF87: 1.4297 | AG87: 3503 | AJ87: 425.57 | AK87: 165.43995 | AL87: 15.99794 | AM87: 53.998784 | AN87: 0.0358 | AO87: 188.9964 | AP87: 9.0000768 | AQ87: 37.476 | AR87: 0
A88: {=IFERROR(_xlfn.XLOOKUP(1,(Hoja1!$B$5:$B$1097=B88)*(Hoja1!$E$5:$E$1097=_xlfn.MAXIFS(Hoja1!$E$5:$E$1097,Hoja1!$B$5:$B$1097,B88,Hoja1!$E$5:$E$1097,"<="&H88)),Hoja1!$C$5:$C$1097,""),"")} | B88: =IF(LEFT(C88,1)="T","T-","C-")&TRIM(RIGHT(C88,LEN(C88)-SEARCH("-",C88))) -> C-1001 | C88: Constituciones-1001 | D88: 1001 | E88: Sin Dato | F88: S/D | G88: S/D | H88: 38588 | I88: S/D | J88: 38958 | K88: 7 | L88: fétido | M88: ´blancusco | N88: lig. Turbio | O88: 1.0013 | P88: 23 | Q88: 0 | R88: -30.33 | S88: 49.87 | T88: 6449.5 | U88: 320.6 | V88: 121.6 | W88: 12.75 | X88: 10455 | Y88: 480.48 | Z88: 200 | AA88: 0 | AB88: 17213.469 | AD88: 5.275 | AE88: 18039.93 | AF88: 18.228675 | AG88: 1301 | AJ88: 372.37 | AK88: 280.41529 | AL88: 15.99794 | AM88: 10.000384 | AN88: 0.45645 | AO88: 294.831 | AP88: 7.8750672 | AQ88: 4.164 | AR88: 0
A89: {=IFERROR(_xlfn.XLOOKUP(1,(Hoja1!$B$5:$B$1097=B89)*(Hoja1!$E$5:$E$1097=_xlfn.MAXIFS(Hoja1!$E$5:$E$1097,Hoja1!$B$5:$B$1097,B89,Hoja1!$E$5:$E$1097,"<="&H89)),Hoja1!$C$5:$C$1097,""),"")} -> CONST_199_JSA | B89: =IF(LEFT(C89,1)="T","T-","C-")&TRIM(RIGHT(C89,LEN(C89)-SEARCH("-",C89))) -> C-199 | C89: Constituciones-199 | D89: 199 | E89: Sin Dato | F89: S/D | G89: S/D | H89: 38528 | I89: 0.52777778 | J89: 38897 | K89: 7 | L89: - | M89: 0 | N89: 0 | O89: 1.0156 | P89: 25 | Q89: 0 | R89: 69.19 | S89: 0 | T89: 4478.2 | U89: 681.4 | V89: 340.5 | W89: 33 | X89: 8808 | Y89: 549.12 | Z89: 25 | AA89: 0 | AB89: 14297.602 | AD89: 42.196 | AE89: 14915.22 | AF89: 47.1801 | AG89: 3102 | AJ89: 425.57 | AK89: 194.7202 | AL89: 34.00186 | AM89: 28.00272 | AN89: 1.1814 | AO89: 248.3856 | AP89: 9.0000768 | AQ89: 0.5205 | AR89: 0
A90: {=IFERROR(_xlfn.XLOOKUP(1,(Hoja1!$B$5:$B$1097=B90)*(Hoja1!$E$5:$E$1097=_xlfn.MAXIFS(Hoja1!$E$5:$E$1097,Hoja1!$B$5:$B$1097,B90,Hoja1!$E$5:$E$1097,"<="&H90)),Hoja1!$C$5:$C$1097,""),"")} -> CONST_199_JSA | B90: =IF(LEFT(C90,1)="T","T-","C-")&TRIM(RIGHT(C90,LEN(C90)-SEARCH("-",C90))) -> C-199 | C90: Constituciones-199 | D90: 199 | E90: Sin Dato | F90: S/D | G90: S/D | H90: 38528 | I90: 0.5625 | J90: 38897 | K90: 7 | L90: - | M90: 0 | N90: 0 | O90: 0.9956 | P90: 25 | Q90: 0 | R90: 69.19 | S90: 89.76 | T90: 1796.1 | U90: 601.2 | V90: 121.6 | W90: 17.5 | X90: 3875 | Y90: 480.48 | Z90: 75 | AA90: 0 | AB90: 6416.4586 | AD90: 15.824 | AE90: 6966.88 | AF90: 25.01975 | AG90: 2002 | AJ90: 372.37 | AK90: 78.084803 | AL90: 29.99988 | AM90: 10.000384 | AN90: 0.6265 | AO90: 109.275 | AP90: 7.8750672 | AQ90: 1.5615 | AR90: 0
A91: {=IFERROR(_xlfn.XLOOKUP(1,(Hoja1!$B$5:$B$1097=B91)*(Hoja1!$E$5:$E$1097=_xlfn.MAXIFS(Hoja1!$E$5:$E$1097,Hoja1!$B$5:$B$1097,B91,Hoja1!$E$5:$E$1097,"<="&H91)),Hoja1!$C$5:$C$1097,""),"")} -> CONST_201_JSA | B91: =IF(LEFT(C91,1)="T","T-","C-")&TRIM(RIGHT(C91,LEN(C91)-SEARCH("-",C91))) -> C-201 | C91: Constituciones-201 | D91: 201 | E91: Sin Dato | F91: S/D | G91: S/D | H91: 38529 | I91: S/D | J91: 38897 | K91: 7 | L91: - | M91: 0 | N91: 0 | O91: 1.0156 | P91: 25 | Q91: 0 | R91: 69.19 | S91: 84.77 | T91: 3409.5 | U91: 601.2 | V91: 279.7 | W91: 2.25 | X91: 6694 | Y91: 480.48 | Z91: 225 | AA91: 0 | AB91: 10866.047 | AD91: 15.824 | AE91: 11692.13 | AF91: 3.216825 | AG91: 2652 | AJ91: 372.37 | AK91: 148.24741 | AL91: 29.99988 | AM91: 23.002528 | AN91: 0.08055 | AO91: 188.7708 | AP91: 7.8750672 | AQ91: 4.6845 | AR91: 0
A92: {=IFERROR(_xlfn.XLOOKUP(1,(Hoja1!$B$5:$B$1097=B92)*(Hoja1!$E$5:$E$1097=_xlfn.MAXIFS(Hoja1!$E$5:$E$1097,Hoja1!$B$5:$B$1097,B92,Hoja1!$E$5:$E$1097,"<="&H92)),Hoja1!$C$5:$C$1097,""),"")} -> CONST_201_JSA | B92: =IF(LEFT(C92,1)="T","T-","C-")&TRIM(RIGHT(C92,LEN(C92)-SEARCH("-",C92))) -> C-201 | C92: Constituciones-201 | D92: 201 | E92: Sin Dato | F92: S/D | G92: S/D | H92: 38529 | I92: S/D | J92: 38897 | K92: 7 | L92: - | M92: 0 | N92: 0 | O92: 0.9956 | P92: 25 | Q92: 0 | R92: 69.19 | S92: 79.79 | T92: 3055 | U92: 801.6 | V92: 218.9 | W92: 1 | X92: 6341 | Y92: 480.48 | Z92: 200 | AA92: 0 | AB92: 10499.81 | AD92: 10.549 | AE92: 11097.98 | AF92: 1.4297 | AG92: 2902 | AJ92: 372.37 | AK92: 132.81729 | AL92: 39.99984 | AM92: 18.002336 | AN92: 0.0358 | AO92: 178.8162 | AP92: 7.8750672 | AQ92: 4.164 | AR92: 0
A93: {=IFERROR(_xlfn.XLOOKUP(1,(Hoja1!$B$5:$B$1097=B93)*(Hoja1!$E$5:$E$1097=_xlfn.MAXIFS(Hoja1!$E$5:$E$1097,Hoja1!$B$5:$B$1097,B93,Hoja1!$E$5:$E$1097,"<="&H93)),Hoja1!$C$5:$C$1097,""),"")} -> CONST_211_JSA | B93: =IF(LEFT(C93,1)="T","T-","C-")&TRIM(RIGHT(C93,LEN(C93)-SEARCH("-",C93))) -> C-211 | C93: Constituciones-211 | D93: 211 | E93: Sin Dato | F93: S/D | G93: S/D | H93: 38529 | I93: S/D | J93: 38897 | K93: 6 | L93: - | M93: 0 | N93: 0 | O93: 0.9956 | P93: 25 | Q93: 0 | R93: 34.76 | S93: 69.81 | T93: 3195.4 | U93: 641.3 | V93: 316.1 | W93: 20.75 | X93: 6694 | Y93: 480.48 | Z93: 50 | AA93: 0 | AB93: 11084.329 | AD93: 15.824 | AE93: 11398.03 | AF93: 29.666275 | AG93: 2902 | AJ93: 372.37 | AK93: 138.94708 | AL93: 32.00087 | AM93: 25.996064 | AN93: 0.74285 | AO93: 188.7708 | AP93: 7.8750672 | AQ93: 1.041 | AR93: 0
A94: {=IFERROR(_xlfn.XLOOKUP(1,(Hoja1!$B$5:$B$1097=B94)*(Hoja1!$E$5:$E$1097=_xlfn.MAXIFS(Hoja1!$E$5:$E$1097,Hoja1!$B$5:$B$1097,B94,Hoja1!$E$5:$E$1097,"<="&H94)),Hoja1!$C$5:$C$1097,""),"")} -> CONST_211_JSA | B94: =IF(LEFT(C94,1)="T","T-","C-")&TRIM(RIGHT(C94,LEN(C94)-SEARCH("-",C94))) -> C-211 | C94: Constituciones-211 | D94: 211 | E94: Sin Dato | F94: S/D | G94: S/D | H94: 38529 | I94: S/D | J94: 38897 | K94: 7 | L94: - | M94: 0 | N94: 0 | O94: 1.0156 | P94: 25 | Q94: 0 | R94: 0.34 | S94: 84.77 | T94: 3786.2 | U94: 1002 | V94: 389.1 | W94: 38.75 | X94: 8455 | Y94: 549.12 | Z94: 27.5 | AA94: 0 | AB94: 13724.594 | AD94: 15.824 | AE94: 14247.67 | AF94: 55.400875 | AG94: 4103 | AJ94: 425.57 | AK94: 164.61699 | AL94: 49.9998 | AM94: 31.999584 | AN94: 1.38725 | AO94: 238.431 | AP94: 9.0000768 | AQ94: 0.57255 | AR94: 0
A95: {=IFERROR(_xlfn.XLOOKUP(1,(Hoja1!$B$5:$B$1097=B95)*(Hoja1!$E$5:$E$1097=_xlfn.MAXIFS(Hoja1!$E$5:$E$1097,Hoja1!$B$5:$B$1097,B95,Hoja1!$E$5:$E$1097,"<="&H95)),Hoja1!$C$5:$C$1097,""),"")} -> CONST_221_JSA | B95: =IF(LEFT(C95,1)="T","T-","C-")&TRIM(RIGHT(C95,LEN(C95)-SEARCH("-",C95))) -> C-221 | C95: Constituciones-221 | D95: 221 | E95: Sin Dato | F95: S/D | G95: S/D | H95: 38528 | I95: 0.4375 | J95: 38897 | K95: 7 | L95: - | M95: 0 | N95: 0 | O95: 0.9956 | P95: 25 | Q95: 0 | R95: 69.19 | S95: 69.81 | T95: 3371.4 | U95: 801.6 | V95: 267.5 | W95: 4.25 | X95: 7046 | Y95: 549.12 | Z95: 50 | AA95: 0 | AB95: 11667.192 | AD95: 10.549 | AE95: 12089.87 | AF95: 6.076225 | AG95: 3102 | AJ95: 425.57 | AK95: 146.58709 | AL95: 39.99984 | AM95: 21.9992 | AN95: 0.15215 | AO95: 198.6972 | AP95: 9.0000768 | AQ95: 1.041 | AR95: 0
A96: {=IFERROR(_xlfn.XLOOKUP(1,(Hoja1!$B$5:$B$1097=B96)*(Hoja1!$E$5:$E$1097=_xlfn.MAXIFS(Hoja1!$E$5:$E$1097,Hoja1!$B$5:$B$1097,B96,Hoja1!$E$5:$E$1097,"<="&H96)),Hoja1!$C$5:$C$1097,""),"")} -> CONST_221_JSA | B96: =IF(LEFT(C96,1)="T","T-","C-")&TRIM(RIGHT(C96,LEN(C96)-SEARCH("-",C96))) -> C-221 | C96: Constituciones-221 | D96: 221 | E96: Sin Dato | F96: S/D | G96: S/D | H96: 38528 | I96: 0.45486111 | J96: 38897 | K96: 7 | L96: - | M96: 0 | N96: 0 | O96: 1.0556 | P96: 25 | Q96: 0 | R96: 69.19 | S96: 59.84 | T96: 8638.1 | U96: 1723.5 | V96: 535 | W96: 1 | X96: 17263 | Y96: 480.48 | Z96: 525 | AA96: 0 | AB96: 26960.346 | AD96: 10.549 | AE96: 29166.08 | AF96: 1.4297 | AG96: 6505 | AJ96: 372.37 | AK96: 375.58532 | AL96: 86.00265 | AM96: 43.9984 | AN96: 0.0358 | AO96: 486.8166 | AP96: 7.8750672 | AQ96: 10.9305 | AR96: 0
A97: {=IFERROR(_xlfn.XLOOKUP(1,(Hoja1!$B$5:$B$1097=B97)*(Hoja1!$E$5:$E$1097=_xlfn.MAXIFS(Hoja1!$E$5:$E$1097,Hoja1!$B$5:$B$1097,B97,Hoja1!$E$5:$E$1097,"<="&H97)),Hoja1!$C$5:$C$1097,""),"")} -> CONST_203_JSA | B97: =IF(LEFT(C97,1)="T","T-","C-")&TRIM(RIGHT(C97,LEN(C97)-SEARCH("-",C97))) -> C-203 | C97: Constituciones-203 | D97: 203 | E97: Sin Dato | F97: S/D | G97: S/D | H97: 38630 | I97: S/D | J97: 39029 | K97: 9 | L97: Aceitoso | M97: lig. Café | N97: claro | O97: 1.0115 | P97: 22.5 | Q97: 0 | R97: 0 | S97: 19.95 | T97: 4995.4 | U97: 1242.5 | V97: 462.1 | W97: 0.5 | X97: 10541 | Y97: 360.59 | Z97: 675 | AA97: 0 | AB97: 17180.053 | AD97: 5.275 | AE97: 18277.09 | AF97: 0.71485 | AG97: 5004 | AJ97: 319.17 | AK97: 217.19802 | AL97: 62.00075 | AM97: 38.003104 | AN97: 0.0179 | AO97: 297.2562 | AP97: 5.9100701 | AQ97: 14.0535 | AR97: 0
A98: {=IFERROR(_xlfn.XLOOKUP(1,(Hoja1!$B$5:$B$1097=B98)*(Hoja1!$E$5:$E$1097=_xlfn.MAXIFS(Hoja1!$E$5:$E$1097,Hoja1!$B$5:$B$1097,B98,Hoja1!$E$5:$E$1097,"<="&H98)),Hoja1!$C$5:$C$1097,""),"")} -> CONST_208_JSA | B98: =IF(LEFT(C98,1)="T","T-","C-")&TRIM(RIGHT(C98,LEN(C98)-SEARCH("-",C98))) -> C-208 | C98: Constituciones-208 | D98: 208 | E98: Sin Dato | F98: S/D | G98: S/D | H98: 38630 | I98: S/D | J98: 39029 | K98: 9 | L98: aceitoso | M98: café claro | N98: Turbio | O98: 1.0056 | P98: 25 | Q98: 0 | R98: 0 | S98: 0 | T98: 6683.7 | U98: 2064.2 | V98: 571.5 | W98: 0.25 | X98: 14861 | Y98: 901.46 | Z98: 325 | AA98: 0 | AB98: 24363.033 | AD98: 0 | AE98: 25407.11 | AF98: 0.357425 | AG98: 7506 | AJ98: 797.94 | AK98: 290.60894 | AL98: 103.00358 | AM98: 47.00016 | AN98: 0.00895 | AO98: 419.0802 | AP98: 14.774929 | AQ98: 6.7665 | AR98: 0
A99: {=IFERROR(_xlfn.XLOOKUP(1,(Hoja1!$B$5:$B$1097=B99)*(Hoja1!$E$5:$E$1097=_xlfn.MAXIFS(Hoja1!$E$5:$E$1097,Hoja1!$B$5:$B$1097,B99,Hoja1!$E$5:$E$1097,"<="&H99)),Hoja1!$C$5:$C$1097,""),"")} -> CONST_222_KTIA | B99: =IF(LEFT(C99,1)="T","T-","C-")&TRIM(RIGHT(C99,LEN(C99)-SEARCH("-",C99))) -> C-222 | C99: Constituciones-222 | D99: 222 | E99: Sin Dato | F99: S/D | G99: S/D | H99: 45935 | I99: S/D | J99: 39029 | K99: 9 | L99: fétido | M99: ´transparent | N99: claro | O99: 1.016 | P99: 24 | Q99: 0 | R99: 0 | S99: 0 | T99: 9876.2 | U99: 2825.7 | V99: 814.7 | W99: 0.5 | X99: 21773 | Y99: 540.88 | Z99: 700 | AA99: 0 | AB99: 35329.146 | AD99: 0 | AE99: 36530.98 | AF99: 0.71485 | AG99: 10408 | AJ99: 478.76 | AK99: 429.41637 | AL99: 141.00243 | AM99: 67.000928 | AN99: 0.0179 | AO99: 613.9986 | AP99: 8.8650232 | AQ99: 14.574 | AR99: 0
A100: {=IFERROR(_xlfn.XLOOKUP(1,(Hoja1!$B$5:$B$1097=B100)*(Hoja1!$E$5:$E$1097=_xlfn.MAXIFS(Hoja1!$E$5:$E$1097,Hoja1!$B$5:$B$1097,B100,Hoja1!$E$5:$E$1097,"<="&H100)),Hoja1!$C$5:$C$1097,""),"")} -> CONST_223_JSA | B100: =IF(LEFT(C100,1)="T","T-","C-")&TRIM(RIGHT(C100,LEN(C100)-SEARCH("-",C100))) -> C-223 | C100: Constituciones-223 | D100: 223 | E100: Sin Dato | F100: S/D | G100: S/D | H100: 38630 | I100: S/D | J100: 39029 | K100: 9 | L100: Aceitoso | M100: incoloro | N100: claro | O100: 1.0259 | P100: 24 | Q100: 0 | R100: 0 | S100: 69.81 | T100: 11521.2 | U100: 2444.9 | V100: 1045.7 | W100: 1 | X100: 23674 | Y100: 841.37 | Z100: 1325 | AA100: 0 | AB100: 38043.038 | AD100: 5.275 | AE100: 40853.17 | AF100: 1.4297 | AG100: 10408 | AJ100: 744.74 | AK100: 500.94868 | AL100: 122.00051 | AM100: 85.998368 | AN100: 0.0358 | AO100: 667.6068 | AP100: 13.790054 | AQ100: 27.5865 | AR100: 0
...

Sheet Hoja1
B3: Pozo | C3: TERMINACION | D3: Yacimiento | E3: Fecha
B4: CH-1001 | C4: CHAMPAYAN_1001_KTIA | D4: KTIA | E4: 35521
B5: CH-1004 | C5: CHAMPAYAN_1004_KTIA | D5: KTIA | E5: 35521
B6: CH-1005 | C6: CHAMPAYAN_1005_KTIA | D6: KTIA | E6: 33817
B7: CH-1006 | C7: CHAMPAYAN_1006_KTIA | D7: KTIA | E7: 34335
B8: C-101 | C8: CONST_101_JAR | D8: JAR | E8: 21002
B9: C-101 | C9: CONST_101_KTIA | D9: KTIA | E9: 27760
B10: C-102 | C10: CONST_102_JSA | D10: JSA | E10: 20790
B11: C-102 | C11: CONST_102_KTIA | D11: KTIA | E11: 35765
B12: C-103 | C12: CONST_103_JSA | D12: JSA | E12: 21125
B13: C-103 | C13: CONST_103_KTIA | D13: KTIA | E13: 30956
B14: C-104 | C14: CONST_104_JSA | D14: JSA | E14: 21064
B15: C-105 | C15: CONST_105_JSA | D15: JSA | E15: 21367
... B1096: T-19 | C1096: TMLP_19_KTIA | D1096: KTIA | E1096: 20852
